ARM GAS  /tmp/cczggVXv.s 			page 1


   1              		.cpu cortex-m4
   2              		.eabi_attribute 27, 1
   3              		.eabi_attribute 28, 1
   4              		.eabi_attribute 20, 1
   5              		.eabi_attribute 21, 1
   6              		.eabi_attribute 23, 3
   7              		.eabi_attribute 24, 1
   8              		.eabi_attribute 25, 1
   9              		.eabi_attribute 26, 1
  10              		.eabi_attribute 30, 1
  11              		.eabi_attribute 34, 1
  12              		.eabi_attribute 18, 4
  13              		.file	"stm32g4xx_hal_msp.c"
  14              		.text
  15              	.Ltext0:
  16              		.cfi_sections	.debug_frame
  17              		.section	.text.HAL_MspInit,"ax",%progbits
  18              		.align	1
  19              		.global	HAL_MspInit
  20              		.arch armv7e-m
  21              		.syntax unified
  22              		.thumb
  23              		.thumb_func
  24              		.fpu fpv4-sp-d16
  26              	HAL_MspInit:
  27              	.LFB329:
  28              		.file 1 "Core/Src/stm32g4xx_hal_msp.c"
   1:Core/Src/stm32g4xx_hal_msp.c **** /* USER CODE BEGIN Header */
   2:Core/Src/stm32g4xx_hal_msp.c **** /**
   3:Core/Src/stm32g4xx_hal_msp.c ****   ******************************************************************************
   4:Core/Src/stm32g4xx_hal_msp.c ****   * @file         stm32g4xx_hal_msp.c
   5:Core/Src/stm32g4xx_hal_msp.c ****   * @brief        This file provides code for the MSP Initialization
   6:Core/Src/stm32g4xx_hal_msp.c ****   *               and de-Initialization codes.
   7:Core/Src/stm32g4xx_hal_msp.c ****   ******************************************************************************
   8:Core/Src/stm32g4xx_hal_msp.c ****   * @attention
   9:Core/Src/stm32g4xx_hal_msp.c ****   *
  10:Core/Src/stm32g4xx_hal_msp.c ****   * Copyright (c) 2026 STMicroelectronics.
  11:Core/Src/stm32g4xx_hal_msp.c ****   * All rights reserved.
  12:Core/Src/stm32g4xx_hal_msp.c ****   *
  13:Core/Src/stm32g4xx_hal_msp.c ****   * This software is licensed under terms that can be found in the LICENSE file
  14:Core/Src/stm32g4xx_hal_msp.c ****   * in the root directory of this software component.
  15:Core/Src/stm32g4xx_hal_msp.c ****   * If no LICENSE file comes with this software, it is provided AS-IS.
  16:Core/Src/stm32g4xx_hal_msp.c ****   *
  17:Core/Src/stm32g4xx_hal_msp.c ****   ******************************************************************************
  18:Core/Src/stm32g4xx_hal_msp.c ****   */
  19:Core/Src/stm32g4xx_hal_msp.c **** /* USER CODE END Header */
  20:Core/Src/stm32g4xx_hal_msp.c **** /* Includes ------------------------------------------------------------------*/
  21:Core/Src/stm32g4xx_hal_msp.c **** #include "main.h"
  22:Core/Src/stm32g4xx_hal_msp.c **** /* USER CODE BEGIN Includes */
  23:Core/Src/stm32g4xx_hal_msp.c **** 
  24:Core/Src/stm32g4xx_hal_msp.c **** /* USER CODE END Includes */
  25:Core/Src/stm32g4xx_hal_msp.c **** 
  26:Core/Src/stm32g4xx_hal_msp.c **** /* Private typedef -----------------------------------------------------------*/
  27:Core/Src/stm32g4xx_hal_msp.c **** /* USER CODE BEGIN TD */
  28:Core/Src/stm32g4xx_hal_msp.c **** 
  29:Core/Src/stm32g4xx_hal_msp.c **** /* USER CODE END TD */
  30:Core/Src/stm32g4xx_hal_msp.c **** 
ARM GAS  /tmp/cczggVXv.s 			page 2


  31:Core/Src/stm32g4xx_hal_msp.c **** /* Private define ------------------------------------------------------------*/
  32:Core/Src/stm32g4xx_hal_msp.c **** /* USER CODE BEGIN Define */
  33:Core/Src/stm32g4xx_hal_msp.c **** 
  34:Core/Src/stm32g4xx_hal_msp.c **** /* USER CODE END Define */
  35:Core/Src/stm32g4xx_hal_msp.c **** 
  36:Core/Src/stm32g4xx_hal_msp.c **** /* Private macro -------------------------------------------------------------*/
  37:Core/Src/stm32g4xx_hal_msp.c **** /* USER CODE BEGIN Macro */
  38:Core/Src/stm32g4xx_hal_msp.c **** 
  39:Core/Src/stm32g4xx_hal_msp.c **** /* USER CODE END Macro */
  40:Core/Src/stm32g4xx_hal_msp.c **** 
  41:Core/Src/stm32g4xx_hal_msp.c **** /* Private variables ---------------------------------------------------------*/
  42:Core/Src/stm32g4xx_hal_msp.c **** /* USER CODE BEGIN PV */
  43:Core/Src/stm32g4xx_hal_msp.c **** 
  44:Core/Src/stm32g4xx_hal_msp.c **** /* USER CODE END PV */
  45:Core/Src/stm32g4xx_hal_msp.c **** 
  46:Core/Src/stm32g4xx_hal_msp.c **** /* Private function prototypes -----------------------------------------------*/
  47:Core/Src/stm32g4xx_hal_msp.c **** /* USER CODE BEGIN PFP */
  48:Core/Src/stm32g4xx_hal_msp.c **** 
  49:Core/Src/stm32g4xx_hal_msp.c **** /* USER CODE END PFP */
  50:Core/Src/stm32g4xx_hal_msp.c **** 
  51:Core/Src/stm32g4xx_hal_msp.c **** /* External functions --------------------------------------------------------*/
  52:Core/Src/stm32g4xx_hal_msp.c **** /* USER CODE BEGIN ExternalFunctions */
  53:Core/Src/stm32g4xx_hal_msp.c **** 
  54:Core/Src/stm32g4xx_hal_msp.c **** /* USER CODE END ExternalFunctions */
  55:Core/Src/stm32g4xx_hal_msp.c **** 
  56:Core/Src/stm32g4xx_hal_msp.c **** /* USER CODE BEGIN 0 */
  57:Core/Src/stm32g4xx_hal_msp.c **** 
  58:Core/Src/stm32g4xx_hal_msp.c **** /* USER CODE END 0 */
  59:Core/Src/stm32g4xx_hal_msp.c **** 
  60:Core/Src/stm32g4xx_hal_msp.c **** void HAL_TIM_MspPostInit(TIM_HandleTypeDef *htim);
  61:Core/Src/stm32g4xx_hal_msp.c ****                     /**
  62:Core/Src/stm32g4xx_hal_msp.c ****   * Initializes the Global MSP.
  63:Core/Src/stm32g4xx_hal_msp.c ****   */
  64:Core/Src/stm32g4xx_hal_msp.c **** void HAL_MspInit(void)
  65:Core/Src/stm32g4xx_hal_msp.c **** {
  29              		.loc 1 65 1 view -0
  30              		.cfi_startproc
  31              		@ args = 0, pretend = 0, frame = 8
  32              		@ frame_needed = 0, uses_anonymous_args = 0
  33 0000 00B5     		push	{lr}
  34              	.LCFI0:
  35              		.cfi_def_cfa_offset 4
  36              		.cfi_offset 14, -4
  37 0002 83B0     		sub	sp, sp, #12
  38              	.LCFI1:
  39              		.cfi_def_cfa_offset 16
  66:Core/Src/stm32g4xx_hal_msp.c **** 
  67:Core/Src/stm32g4xx_hal_msp.c ****   /* USER CODE BEGIN MspInit 0 */
  68:Core/Src/stm32g4xx_hal_msp.c **** 
  69:Core/Src/stm32g4xx_hal_msp.c ****   /* USER CODE END MspInit 0 */
  70:Core/Src/stm32g4xx_hal_msp.c **** 
  71:Core/Src/stm32g4xx_hal_msp.c ****   __HAL_RCC_SYSCFG_CLK_ENABLE();
  40              		.loc 1 71 3 view .LVU1
  41              	.LBB2:
  42              		.loc 1 71 3 view .LVU2
  43              		.loc 1 71 3 view .LVU3
  44 0004 0B4B     		ldr	r3, .L3
ARM GAS  /tmp/cczggVXv.s 			page 3


  45 0006 1A6E     		ldr	r2, [r3, #96]
  46 0008 42F00102 		orr	r2, r2, #1
  47 000c 1A66     		str	r2, [r3, #96]
  48              		.loc 1 71 3 view .LVU4
  49 000e 1A6E     		ldr	r2, [r3, #96]
  50 0010 02F00102 		and	r2, r2, #1
  51 0014 0092     		str	r2, [sp]
  52              		.loc 1 71 3 view .LVU5
  53 0016 009A     		ldr	r2, [sp]
  54              	.LBE2:
  55              		.loc 1 71 3 view .LVU6
  72:Core/Src/stm32g4xx_hal_msp.c ****   __HAL_RCC_PWR_CLK_ENABLE();
  56              		.loc 1 72 3 view .LVU7
  57              	.LBB3:
  58              		.loc 1 72 3 view .LVU8
  59              		.loc 1 72 3 view .LVU9
  60 0018 9A6D     		ldr	r2, [r3, #88]
  61 001a 42F08052 		orr	r2, r2, #268435456
  62 001e 9A65     		str	r2, [r3, #88]
  63              		.loc 1 72 3 view .LVU10
  64 0020 9B6D     		ldr	r3, [r3, #88]
  65 0022 03F08053 		and	r3, r3, #268435456
  66 0026 0193     		str	r3, [sp, #4]
  67              		.loc 1 72 3 view .LVU11
  68 0028 019B     		ldr	r3, [sp, #4]
  69              	.LBE3:
  70              		.loc 1 72 3 view .LVU12
  73:Core/Src/stm32g4xx_hal_msp.c **** 
  74:Core/Src/stm32g4xx_hal_msp.c ****   /* System interrupt init*/
  75:Core/Src/stm32g4xx_hal_msp.c **** 
  76:Core/Src/stm32g4xx_hal_msp.c ****   /** Disable the internal Pull-Up in Dead Battery pins of UCPD peripheral
  77:Core/Src/stm32g4xx_hal_msp.c ****   */
  78:Core/Src/stm32g4xx_hal_msp.c ****   HAL_PWREx_DisableUCPDDeadBattery();
  71              		.loc 1 78 3 view .LVU13
  72 002a FFF7FEFF 		bl	HAL_PWREx_DisableUCPDDeadBattery
  73              	.LVL0:
  79:Core/Src/stm32g4xx_hal_msp.c **** 
  80:Core/Src/stm32g4xx_hal_msp.c ****   /* USER CODE BEGIN MspInit 1 */
  81:Core/Src/stm32g4xx_hal_msp.c **** 
  82:Core/Src/stm32g4xx_hal_msp.c ****   /* USER CODE END MspInit 1 */
  83:Core/Src/stm32g4xx_hal_msp.c **** }
  74              		.loc 1 83 1 is_stmt 0 view .LVU14
  75 002e 03B0     		add	sp, sp, #12
  76              	.LCFI2:
  77              		.cfi_def_cfa_offset 4
  78              		@ sp needed
  79 0030 5DF804FB 		ldr	pc, [sp], #4
  80              	.L4:
  81              		.align	2
  82              	.L3:
  83 0034 00100240 		.word	1073876992
  84              		.cfi_endproc
  85              	.LFE329:
  87              		.section	.text.HAL_ADC_MspInit,"ax",%progbits
  88              		.align	1
  89              		.global	HAL_ADC_MspInit
  90              		.syntax unified
ARM GAS  /tmp/cczggVXv.s 			page 4


  91              		.thumb
  92              		.thumb_func
  93              		.fpu fpv4-sp-d16
  95              	HAL_ADC_MspInit:
  96              	.LVL1:
  97              	.LFB330:
  84:Core/Src/stm32g4xx_hal_msp.c **** 
  85:Core/Src/stm32g4xx_hal_msp.c **** static uint32_t HAL_RCC_ADC12_CLK_ENABLED=0;
  86:Core/Src/stm32g4xx_hal_msp.c **** 
  87:Core/Src/stm32g4xx_hal_msp.c **** /**
  88:Core/Src/stm32g4xx_hal_msp.c ****   * @brief ADC MSP Initialization
  89:Core/Src/stm32g4xx_hal_msp.c ****   * This function configures the hardware resources used in this example
  90:Core/Src/stm32g4xx_hal_msp.c ****   * @param hadc: ADC handle pointer
  91:Core/Src/stm32g4xx_hal_msp.c ****   * @retval None
  92:Core/Src/stm32g4xx_hal_msp.c ****   */
  93:Core/Src/stm32g4xx_hal_msp.c **** void HAL_ADC_MspInit(ADC_HandleTypeDef* hadc)
  94:Core/Src/stm32g4xx_hal_msp.c **** {
  98              		.loc 1 94 1 is_stmt 1 view -0
  99              		.cfi_startproc
 100              		@ args = 0, pretend = 0, frame = 128
 101              		@ frame_needed = 0, uses_anonymous_args = 0
 102              		.loc 1 94 1 is_stmt 0 view .LVU16
 103 0000 30B5     		push	{r4, r5, lr}
 104              	.LCFI3:
 105              		.cfi_def_cfa_offset 12
 106              		.cfi_offset 4, -12
 107              		.cfi_offset 5, -8
 108              		.cfi_offset 14, -4
 109 0002 A1B0     		sub	sp, sp, #132
 110              	.LCFI4:
 111              		.cfi_def_cfa_offset 144
 112 0004 0446     		mov	r4, r0
  95:Core/Src/stm32g4xx_hal_msp.c ****   GPIO_InitTypeDef GPIO_InitStruct = {0};
 113              		.loc 1 95 3 is_stmt 1 view .LVU17
 114              		.loc 1 95 20 is_stmt 0 view .LVU18
 115 0006 0021     		movs	r1, #0
 116 0008 1B91     		str	r1, [sp, #108]
 117 000a 1C91     		str	r1, [sp, #112]
 118 000c 1D91     		str	r1, [sp, #116]
 119 000e 1E91     		str	r1, [sp, #120]
 120 0010 1F91     		str	r1, [sp, #124]
  96:Core/Src/stm32g4xx_hal_msp.c ****   RCC_PeriphCLKInitTypeDef PeriphClkInit = {0};
 121              		.loc 1 96 3 is_stmt 1 view .LVU19
 122              		.loc 1 96 28 is_stmt 0 view .LVU20
 123 0012 5422     		movs	r2, #84
 124 0014 06A8     		add	r0, sp, #24
 125              	.LVL2:
 126              		.loc 1 96 28 view .LVU21
 127 0016 FFF7FEFF 		bl	memset
 128              	.LVL3:
  97:Core/Src/stm32g4xx_hal_msp.c ****   if(hadc->Instance==ADC1)
 129              		.loc 1 97 3 is_stmt 1 view .LVU22
 130              		.loc 1 97 10 is_stmt 0 view .LVU23
 131 001a 2368     		ldr	r3, [r4]
 132              		.loc 1 97 5 view .LVU24
 133 001c B3F1A04F 		cmp	r3, #1342177280
 134 0020 04D0     		beq	.L13
ARM GAS  /tmp/cczggVXv.s 			page 5


  98:Core/Src/stm32g4xx_hal_msp.c ****   {
  99:Core/Src/stm32g4xx_hal_msp.c ****     /* USER CODE BEGIN ADC1_MspInit 0 */
 100:Core/Src/stm32g4xx_hal_msp.c **** 
 101:Core/Src/stm32g4xx_hal_msp.c ****     /* USER CODE END ADC1_MspInit 0 */
 102:Core/Src/stm32g4xx_hal_msp.c **** 
 103:Core/Src/stm32g4xx_hal_msp.c ****   /** Initializes the peripherals clocks
 104:Core/Src/stm32g4xx_hal_msp.c ****   */
 105:Core/Src/stm32g4xx_hal_msp.c ****     PeriphClkInit.PeriphClockSelection = RCC_PERIPHCLK_ADC12;
 106:Core/Src/stm32g4xx_hal_msp.c ****     PeriphClkInit.Adc12ClockSelection = RCC_ADC12CLKSOURCE_SYSCLK;
 107:Core/Src/stm32g4xx_hal_msp.c ****     if (HAL_RCCEx_PeriphCLKConfig(&PeriphClkInit) != HAL_OK)
 108:Core/Src/stm32g4xx_hal_msp.c ****     {
 109:Core/Src/stm32g4xx_hal_msp.c ****       Error_Handler();
 110:Core/Src/stm32g4xx_hal_msp.c ****     }
 111:Core/Src/stm32g4xx_hal_msp.c **** 
 112:Core/Src/stm32g4xx_hal_msp.c ****     /* Peripheral clock enable */
 113:Core/Src/stm32g4xx_hal_msp.c ****     HAL_RCC_ADC12_CLK_ENABLED++;
 114:Core/Src/stm32g4xx_hal_msp.c ****     if(HAL_RCC_ADC12_CLK_ENABLED==1){
 115:Core/Src/stm32g4xx_hal_msp.c ****       __HAL_RCC_ADC12_CLK_ENABLE();
 116:Core/Src/stm32g4xx_hal_msp.c ****     }
 117:Core/Src/stm32g4xx_hal_msp.c **** 
 118:Core/Src/stm32g4xx_hal_msp.c ****     __HAL_RCC_GPIOA_CLK_ENABLE();
 119:Core/Src/stm32g4xx_hal_msp.c ****     __HAL_RCC_GPIOB_CLK_ENABLE();
 120:Core/Src/stm32g4xx_hal_msp.c ****     /**ADC1 GPIO Configuration
 121:Core/Src/stm32g4xx_hal_msp.c ****     PA0     ------> ADC1_IN1
 122:Core/Src/stm32g4xx_hal_msp.c ****     PB0     ------> ADC1_IN15
 123:Core/Src/stm32g4xx_hal_msp.c ****     PB1     ------> ADC1_IN12
 124:Core/Src/stm32g4xx_hal_msp.c ****     PB12     ------> ADC1_IN11
 125:Core/Src/stm32g4xx_hal_msp.c ****     */
 126:Core/Src/stm32g4xx_hal_msp.c ****     GPIO_InitStruct.Pin = GPIO_PIN_0;
 127:Core/Src/stm32g4xx_hal_msp.c ****     GPIO_InitStruct.Mode = GPIO_MODE_ANALOG;
 128:Core/Src/stm32g4xx_hal_msp.c ****     GPIO_InitStruct.Pull = GPIO_NOPULL;
 129:Core/Src/stm32g4xx_hal_msp.c ****     HAL_GPIO_Init(GPIOA, &GPIO_InitStruct);
 130:Core/Src/stm32g4xx_hal_msp.c **** 
 131:Core/Src/stm32g4xx_hal_msp.c ****     GPIO_InitStruct.Pin = GPIO_PIN_0|GPIO_PIN_1|GPIO_PIN_12;
 132:Core/Src/stm32g4xx_hal_msp.c ****     GPIO_InitStruct.Mode = GPIO_MODE_ANALOG;
 133:Core/Src/stm32g4xx_hal_msp.c ****     GPIO_InitStruct.Pull = GPIO_NOPULL;
 134:Core/Src/stm32g4xx_hal_msp.c ****     HAL_GPIO_Init(GPIOB, &GPIO_InitStruct);
 135:Core/Src/stm32g4xx_hal_msp.c **** 
 136:Core/Src/stm32g4xx_hal_msp.c ****     /* ADC1 interrupt Init */
 137:Core/Src/stm32g4xx_hal_msp.c ****     HAL_NVIC_SetPriority(ADC1_2_IRQn, 0, 0);
 138:Core/Src/stm32g4xx_hal_msp.c ****     HAL_NVIC_EnableIRQ(ADC1_2_IRQn);
 139:Core/Src/stm32g4xx_hal_msp.c ****     /* USER CODE BEGIN ADC1_MspInit 1 */
 140:Core/Src/stm32g4xx_hal_msp.c **** 
 141:Core/Src/stm32g4xx_hal_msp.c ****     /* USER CODE END ADC1_MspInit 1 */
 142:Core/Src/stm32g4xx_hal_msp.c ****   }
 143:Core/Src/stm32g4xx_hal_msp.c ****   else if(hadc->Instance==ADC2)
 135              		.loc 1 143 8 is_stmt 1 view .LVU25
 136              		.loc 1 143 10 is_stmt 0 view .LVU26
 137 0022 484A     		ldr	r2, .L19
 138 0024 9342     		cmp	r3, r2
 139 0026 50D0     		beq	.L14
 140              	.LVL4:
 141              	.L5:
 144:Core/Src/stm32g4xx_hal_msp.c ****   {
 145:Core/Src/stm32g4xx_hal_msp.c ****     /* USER CODE BEGIN ADC2_MspInit 0 */
 146:Core/Src/stm32g4xx_hal_msp.c **** 
 147:Core/Src/stm32g4xx_hal_msp.c ****     /* USER CODE END ADC2_MspInit 0 */
ARM GAS  /tmp/cczggVXv.s 			page 6


 148:Core/Src/stm32g4xx_hal_msp.c **** 
 149:Core/Src/stm32g4xx_hal_msp.c ****   /** Initializes the peripherals clocks
 150:Core/Src/stm32g4xx_hal_msp.c ****   */
 151:Core/Src/stm32g4xx_hal_msp.c ****     PeriphClkInit.PeriphClockSelection = RCC_PERIPHCLK_ADC12;
 152:Core/Src/stm32g4xx_hal_msp.c ****     PeriphClkInit.Adc12ClockSelection = RCC_ADC12CLKSOURCE_SYSCLK;
 153:Core/Src/stm32g4xx_hal_msp.c ****     if (HAL_RCCEx_PeriphCLKConfig(&PeriphClkInit) != HAL_OK)
 154:Core/Src/stm32g4xx_hal_msp.c ****     {
 155:Core/Src/stm32g4xx_hal_msp.c ****       Error_Handler();
 156:Core/Src/stm32g4xx_hal_msp.c ****     }
 157:Core/Src/stm32g4xx_hal_msp.c **** 
 158:Core/Src/stm32g4xx_hal_msp.c ****     /* Peripheral clock enable */
 159:Core/Src/stm32g4xx_hal_msp.c ****     HAL_RCC_ADC12_CLK_ENABLED++;
 160:Core/Src/stm32g4xx_hal_msp.c ****     if(HAL_RCC_ADC12_CLK_ENABLED==1){
 161:Core/Src/stm32g4xx_hal_msp.c ****       __HAL_RCC_ADC12_CLK_ENABLE();
 162:Core/Src/stm32g4xx_hal_msp.c ****     }
 163:Core/Src/stm32g4xx_hal_msp.c **** 
 164:Core/Src/stm32g4xx_hal_msp.c ****     __HAL_RCC_GPIOA_CLK_ENABLE();
 165:Core/Src/stm32g4xx_hal_msp.c ****     /**ADC2 GPIO Configuration
 166:Core/Src/stm32g4xx_hal_msp.c ****     PA4     ------> ADC2_IN17
 167:Core/Src/stm32g4xx_hal_msp.c ****     PA6     ------> ADC2_IN3
 168:Core/Src/stm32g4xx_hal_msp.c ****     */
 169:Core/Src/stm32g4xx_hal_msp.c ****     GPIO_InitStruct.Pin = GPIO_PIN_4|GPIO_PIN_6;
 170:Core/Src/stm32g4xx_hal_msp.c ****     GPIO_InitStruct.Mode = GPIO_MODE_ANALOG;
 171:Core/Src/stm32g4xx_hal_msp.c ****     GPIO_InitStruct.Pull = GPIO_NOPULL;
 172:Core/Src/stm32g4xx_hal_msp.c ****     HAL_GPIO_Init(GPIOA, &GPIO_InitStruct);
 173:Core/Src/stm32g4xx_hal_msp.c **** 
 174:Core/Src/stm32g4xx_hal_msp.c ****     /* ADC2 interrupt Init */
 175:Core/Src/stm32g4xx_hal_msp.c ****     HAL_NVIC_SetPriority(ADC1_2_IRQn, 0, 0);
 176:Core/Src/stm32g4xx_hal_msp.c ****     HAL_NVIC_EnableIRQ(ADC1_2_IRQn);
 177:Core/Src/stm32g4xx_hal_msp.c ****     /* USER CODE BEGIN ADC2_MspInit 1 */
 178:Core/Src/stm32g4xx_hal_msp.c **** 
 179:Core/Src/stm32g4xx_hal_msp.c ****     /* USER CODE END ADC2_MspInit 1 */
 180:Core/Src/stm32g4xx_hal_msp.c ****   }
 181:Core/Src/stm32g4xx_hal_msp.c **** 
 182:Core/Src/stm32g4xx_hal_msp.c **** }
 142              		.loc 1 182 1 view .LVU27
 143 0028 21B0     		add	sp, sp, #132
 144              	.LCFI5:
 145              		.cfi_remember_state
 146              		.cfi_def_cfa_offset 12
 147              		@ sp needed
 148 002a 30BD     		pop	{r4, r5, pc}
 149              	.LVL5:
 150              	.L13:
 151              	.LCFI6:
 152              		.cfi_restore_state
 105:Core/Src/stm32g4xx_hal_msp.c ****     PeriphClkInit.Adc12ClockSelection = RCC_ADC12CLKSOURCE_SYSCLK;
 153              		.loc 1 105 5 is_stmt 1 view .LVU28
 105:Core/Src/stm32g4xx_hal_msp.c ****     PeriphClkInit.Adc12ClockSelection = RCC_ADC12CLKSOURCE_SYSCLK;
 154              		.loc 1 105 40 is_stmt 0 view .LVU29
 155 002c 4FF40043 		mov	r3, #32768
 156 0030 0693     		str	r3, [sp, #24]
 106:Core/Src/stm32g4xx_hal_msp.c ****     if (HAL_RCCEx_PeriphCLKConfig(&PeriphClkInit) != HAL_OK)
 157              		.loc 1 106 5 is_stmt 1 view .LVU30
 106:Core/Src/stm32g4xx_hal_msp.c ****     if (HAL_RCCEx_PeriphCLKConfig(&PeriphClkInit) != HAL_OK)
 158              		.loc 1 106 39 is_stmt 0 view .LVU31
 159 0032 4FF00053 		mov	r3, #536870912
ARM GAS  /tmp/cczggVXv.s 			page 7


 160 0036 1793     		str	r3, [sp, #92]
 107:Core/Src/stm32g4xx_hal_msp.c ****     {
 161              		.loc 1 107 5 is_stmt 1 view .LVU32
 107:Core/Src/stm32g4xx_hal_msp.c ****     {
 162              		.loc 1 107 9 is_stmt 0 view .LVU33
 163 0038 06A8     		add	r0, sp, #24
 164 003a FFF7FEFF 		bl	HAL_RCCEx_PeriphCLKConfig
 165              	.LVL6:
 107:Core/Src/stm32g4xx_hal_msp.c ****     {
 166              		.loc 1 107 8 view .LVU34
 167 003e 0028     		cmp	r0, #0
 168 0040 35D1     		bne	.L15
 169              	.L7:
 113:Core/Src/stm32g4xx_hal_msp.c ****     if(HAL_RCC_ADC12_CLK_ENABLED==1){
 170              		.loc 1 113 5 is_stmt 1 view .LVU35
 113:Core/Src/stm32g4xx_hal_msp.c ****     if(HAL_RCC_ADC12_CLK_ENABLED==1){
 171              		.loc 1 113 30 is_stmt 0 view .LVU36
 172 0042 414A     		ldr	r2, .L19+4
 173 0044 1368     		ldr	r3, [r2]
 174 0046 0133     		adds	r3, r3, #1
 175 0048 1360     		str	r3, [r2]
 114:Core/Src/stm32g4xx_hal_msp.c ****       __HAL_RCC_ADC12_CLK_ENABLE();
 176              		.loc 1 114 5 is_stmt 1 view .LVU37
 114:Core/Src/stm32g4xx_hal_msp.c ****       __HAL_RCC_ADC12_CLK_ENABLE();
 177              		.loc 1 114 7 is_stmt 0 view .LVU38
 178 004a 012B     		cmp	r3, #1
 179 004c 32D0     		beq	.L16
 180              	.L8:
 115:Core/Src/stm32g4xx_hal_msp.c ****     }
 181              		.loc 1 115 7 is_stmt 1 discriminator 1 view .LVU39
 118:Core/Src/stm32g4xx_hal_msp.c ****     __HAL_RCC_GPIOB_CLK_ENABLE();
 182              		.loc 1 118 5 discriminator 1 view .LVU40
 183              	.LBB4:
 118:Core/Src/stm32g4xx_hal_msp.c ****     __HAL_RCC_GPIOB_CLK_ENABLE();
 184              		.loc 1 118 5 discriminator 1 view .LVU41
 118:Core/Src/stm32g4xx_hal_msp.c ****     __HAL_RCC_GPIOB_CLK_ENABLE();
 185              		.loc 1 118 5 discriminator 1 view .LVU42
 186 004e 3F4B     		ldr	r3, .L19+8
 187 0050 DA6C     		ldr	r2, [r3, #76]
 188 0052 42F00102 		orr	r2, r2, #1
 189 0056 DA64     		str	r2, [r3, #76]
 118:Core/Src/stm32g4xx_hal_msp.c ****     __HAL_RCC_GPIOB_CLK_ENABLE();
 190              		.loc 1 118 5 discriminator 1 view .LVU43
 191 0058 DA6C     		ldr	r2, [r3, #76]
 192 005a 02F00102 		and	r2, r2, #1
 193 005e 0292     		str	r2, [sp, #8]
 118:Core/Src/stm32g4xx_hal_msp.c ****     __HAL_RCC_GPIOB_CLK_ENABLE();
 194              		.loc 1 118 5 discriminator 1 view .LVU44
 195 0060 029A     		ldr	r2, [sp, #8]
 196              	.LBE4:
 118:Core/Src/stm32g4xx_hal_msp.c ****     __HAL_RCC_GPIOB_CLK_ENABLE();
 197              		.loc 1 118 5 discriminator 1 view .LVU45
 119:Core/Src/stm32g4xx_hal_msp.c ****     /**ADC1 GPIO Configuration
 198              		.loc 1 119 5 discriminator 1 view .LVU46
 199              	.LBB5:
 119:Core/Src/stm32g4xx_hal_msp.c ****     /**ADC1 GPIO Configuration
 200              		.loc 1 119 5 discriminator 1 view .LVU47
ARM GAS  /tmp/cczggVXv.s 			page 8


 119:Core/Src/stm32g4xx_hal_msp.c ****     /**ADC1 GPIO Configuration
 201              		.loc 1 119 5 discriminator 1 view .LVU48
 202 0062 DA6C     		ldr	r2, [r3, #76]
 203 0064 42F00202 		orr	r2, r2, #2
 204 0068 DA64     		str	r2, [r3, #76]
 119:Core/Src/stm32g4xx_hal_msp.c ****     /**ADC1 GPIO Configuration
 205              		.loc 1 119 5 discriminator 1 view .LVU49
 206 006a DB6C     		ldr	r3, [r3, #76]
 207 006c 03F00203 		and	r3, r3, #2
 208 0070 0393     		str	r3, [sp, #12]
 119:Core/Src/stm32g4xx_hal_msp.c ****     /**ADC1 GPIO Configuration
 209              		.loc 1 119 5 discriminator 1 view .LVU50
 210 0072 039B     		ldr	r3, [sp, #12]
 211              	.LBE5:
 119:Core/Src/stm32g4xx_hal_msp.c ****     /**ADC1 GPIO Configuration
 212              		.loc 1 119 5 discriminator 1 view .LVU51
 126:Core/Src/stm32g4xx_hal_msp.c ****     GPIO_InitStruct.Mode = GPIO_MODE_ANALOG;
 213              		.loc 1 126 5 discriminator 1 view .LVU52
 126:Core/Src/stm32g4xx_hal_msp.c ****     GPIO_InitStruct.Mode = GPIO_MODE_ANALOG;
 214              		.loc 1 126 25 is_stmt 0 discriminator 1 view .LVU53
 215 0074 0123     		movs	r3, #1
 216 0076 1B93     		str	r3, [sp, #108]
 127:Core/Src/stm32g4xx_hal_msp.c ****     GPIO_InitStruct.Pull = GPIO_NOPULL;
 217              		.loc 1 127 5 is_stmt 1 discriminator 1 view .LVU54
 127:Core/Src/stm32g4xx_hal_msp.c ****     GPIO_InitStruct.Pull = GPIO_NOPULL;
 218              		.loc 1 127 26 is_stmt 0 discriminator 1 view .LVU55
 219 0078 0325     		movs	r5, #3
 220 007a 1C95     		str	r5, [sp, #112]
 128:Core/Src/stm32g4xx_hal_msp.c ****     HAL_GPIO_Init(GPIOA, &GPIO_InitStruct);
 221              		.loc 1 128 5 is_stmt 1 discriminator 1 view .LVU56
 128:Core/Src/stm32g4xx_hal_msp.c ****     HAL_GPIO_Init(GPIOA, &GPIO_InitStruct);
 222              		.loc 1 128 26 is_stmt 0 discriminator 1 view .LVU57
 223 007c 0024     		movs	r4, #0
 224              	.LVL7:
 128:Core/Src/stm32g4xx_hal_msp.c ****     HAL_GPIO_Init(GPIOA, &GPIO_InitStruct);
 225              		.loc 1 128 26 discriminator 1 view .LVU58
 226 007e 1D94     		str	r4, [sp, #116]
 129:Core/Src/stm32g4xx_hal_msp.c **** 
 227              		.loc 1 129 5 is_stmt 1 discriminator 1 view .LVU59
 228 0080 1BA9     		add	r1, sp, #108
 229 0082 4FF09040 		mov	r0, #1207959552
 230 0086 FFF7FEFF 		bl	HAL_GPIO_Init
 231              	.LVL8:
 131:Core/Src/stm32g4xx_hal_msp.c ****     GPIO_InitStruct.Mode = GPIO_MODE_ANALOG;
 232              		.loc 1 131 5 discriminator 1 view .LVU60
 131:Core/Src/stm32g4xx_hal_msp.c ****     GPIO_InitStruct.Mode = GPIO_MODE_ANALOG;
 233              		.loc 1 131 25 is_stmt 0 discriminator 1 view .LVU61
 234 008a 41F20303 		movw	r3, #4099
 235 008e 1B93     		str	r3, [sp, #108]
 132:Core/Src/stm32g4xx_hal_msp.c ****     GPIO_InitStruct.Pull = GPIO_NOPULL;
 236              		.loc 1 132 5 is_stmt 1 discriminator 1 view .LVU62
 132:Core/Src/stm32g4xx_hal_msp.c ****     GPIO_InitStruct.Pull = GPIO_NOPULL;
 237              		.loc 1 132 26 is_stmt 0 discriminator 1 view .LVU63
 238 0090 1C95     		str	r5, [sp, #112]
 133:Core/Src/stm32g4xx_hal_msp.c ****     HAL_GPIO_Init(GPIOB, &GPIO_InitStruct);
 239              		.loc 1 133 5 is_stmt 1 discriminator 1 view .LVU64
 133:Core/Src/stm32g4xx_hal_msp.c ****     HAL_GPIO_Init(GPIOB, &GPIO_InitStruct);
ARM GAS  /tmp/cczggVXv.s 			page 9


 240              		.loc 1 133 26 is_stmt 0 discriminator 1 view .LVU65
 241 0092 1D94     		str	r4, [sp, #116]
 134:Core/Src/stm32g4xx_hal_msp.c **** 
 242              		.loc 1 134 5 is_stmt 1 discriminator 1 view .LVU66
 243 0094 1BA9     		add	r1, sp, #108
 244 0096 2E48     		ldr	r0, .L19+12
 245 0098 FFF7FEFF 		bl	HAL_GPIO_Init
 246              	.LVL9:
 137:Core/Src/stm32g4xx_hal_msp.c ****     HAL_NVIC_EnableIRQ(ADC1_2_IRQn);
 247              		.loc 1 137 5 discriminator 1 view .LVU67
 248 009c 2246     		mov	r2, r4
 249 009e 2146     		mov	r1, r4
 250 00a0 1220     		movs	r0, #18
 251 00a2 FFF7FEFF 		bl	HAL_NVIC_SetPriority
 252              	.LVL10:
 138:Core/Src/stm32g4xx_hal_msp.c ****     /* USER CODE BEGIN ADC1_MspInit 1 */
 253              		.loc 1 138 5 discriminator 1 view .LVU68
 254 00a6 1220     		movs	r0, #18
 255 00a8 FFF7FEFF 		bl	HAL_NVIC_EnableIRQ
 256              	.LVL11:
 257 00ac BCE7     		b	.L5
 258              	.LVL12:
 259              	.L15:
 109:Core/Src/stm32g4xx_hal_msp.c ****     }
 260              		.loc 1 109 7 view .LVU69
 261 00ae FFF7FEFF 		bl	Error_Handler
 262              	.LVL13:
 263 00b2 C6E7     		b	.L7
 264              	.L16:
 115:Core/Src/stm32g4xx_hal_msp.c ****     }
 265              		.loc 1 115 7 view .LVU70
 266              	.LBB6:
 115:Core/Src/stm32g4xx_hal_msp.c ****     }
 267              		.loc 1 115 7 view .LVU71
 115:Core/Src/stm32g4xx_hal_msp.c ****     }
 268              		.loc 1 115 7 view .LVU72
 269 00b4 254B     		ldr	r3, .L19+8
 270 00b6 DA6C     		ldr	r2, [r3, #76]
 271 00b8 42F40052 		orr	r2, r2, #8192
 272 00bc DA64     		str	r2, [r3, #76]
 115:Core/Src/stm32g4xx_hal_msp.c ****     }
 273              		.loc 1 115 7 view .LVU73
 274 00be DB6C     		ldr	r3, [r3, #76]
 275 00c0 03F40053 		and	r3, r3, #8192
 276 00c4 0193     		str	r3, [sp, #4]
 115:Core/Src/stm32g4xx_hal_msp.c ****     }
 277              		.loc 1 115 7 view .LVU74
 278 00c6 019B     		ldr	r3, [sp, #4]
 279 00c8 C1E7     		b	.L8
 280              	.L14:
 281              	.LBE6:
 151:Core/Src/stm32g4xx_hal_msp.c ****     PeriphClkInit.Adc12ClockSelection = RCC_ADC12CLKSOURCE_SYSCLK;
 282              		.loc 1 151 5 view .LVU75
 151:Core/Src/stm32g4xx_hal_msp.c ****     PeriphClkInit.Adc12ClockSelection = RCC_ADC12CLKSOURCE_SYSCLK;
 283              		.loc 1 151 40 is_stmt 0 view .LVU76
 284 00ca 4FF40043 		mov	r3, #32768
 285 00ce 0693     		str	r3, [sp, #24]
ARM GAS  /tmp/cczggVXv.s 			page 10


 152:Core/Src/stm32g4xx_hal_msp.c ****     if (HAL_RCCEx_PeriphCLKConfig(&PeriphClkInit) != HAL_OK)
 286              		.loc 1 152 5 is_stmt 1 view .LVU77
 152:Core/Src/stm32g4xx_hal_msp.c ****     if (HAL_RCCEx_PeriphCLKConfig(&PeriphClkInit) != HAL_OK)
 287              		.loc 1 152 39 is_stmt 0 view .LVU78
 288 00d0 4FF00053 		mov	r3, #536870912
 289 00d4 1793     		str	r3, [sp, #92]
 153:Core/Src/stm32g4xx_hal_msp.c ****     {
 290              		.loc 1 153 5 is_stmt 1 view .LVU79
 153:Core/Src/stm32g4xx_hal_msp.c ****     {
 291              		.loc 1 153 9 is_stmt 0 view .LVU80
 292 00d6 06A8     		add	r0, sp, #24
 293 00d8 FFF7FEFF 		bl	HAL_RCCEx_PeriphCLKConfig
 294              	.LVL14:
 153:Core/Src/stm32g4xx_hal_msp.c ****     {
 295              		.loc 1 153 8 view .LVU81
 296 00dc 18BB     		cbnz	r0, .L17
 297              	.L10:
 159:Core/Src/stm32g4xx_hal_msp.c ****     if(HAL_RCC_ADC12_CLK_ENABLED==1){
 298              		.loc 1 159 5 is_stmt 1 view .LVU82
 159:Core/Src/stm32g4xx_hal_msp.c ****     if(HAL_RCC_ADC12_CLK_ENABLED==1){
 299              		.loc 1 159 30 is_stmt 0 view .LVU83
 300 00de 1A4A     		ldr	r2, .L19+4
 301 00e0 1368     		ldr	r3, [r2]
 302 00e2 0133     		adds	r3, r3, #1
 303 00e4 1360     		str	r3, [r2]
 160:Core/Src/stm32g4xx_hal_msp.c ****       __HAL_RCC_ADC12_CLK_ENABLE();
 304              		.loc 1 160 5 is_stmt 1 view .LVU84
 160:Core/Src/stm32g4xx_hal_msp.c ****       __HAL_RCC_ADC12_CLK_ENABLE();
 305              		.loc 1 160 7 is_stmt 0 view .LVU85
 306 00e6 012B     		cmp	r3, #1
 307 00e8 20D0     		beq	.L18
 308              	.L11:
 161:Core/Src/stm32g4xx_hal_msp.c ****     }
 309              		.loc 1 161 7 is_stmt 1 discriminator 1 view .LVU86
 164:Core/Src/stm32g4xx_hal_msp.c ****     /**ADC2 GPIO Configuration
 310              		.loc 1 164 5 discriminator 1 view .LVU87
 311              	.LBB7:
 164:Core/Src/stm32g4xx_hal_msp.c ****     /**ADC2 GPIO Configuration
 312              		.loc 1 164 5 discriminator 1 view .LVU88
 164:Core/Src/stm32g4xx_hal_msp.c ****     /**ADC2 GPIO Configuration
 313              		.loc 1 164 5 discriminator 1 view .LVU89
 314 00ea 184B     		ldr	r3, .L19+8
 315 00ec DA6C     		ldr	r2, [r3, #76]
 316 00ee 42F00102 		orr	r2, r2, #1
 317 00f2 DA64     		str	r2, [r3, #76]
 164:Core/Src/stm32g4xx_hal_msp.c ****     /**ADC2 GPIO Configuration
 318              		.loc 1 164 5 discriminator 1 view .LVU90
 319 00f4 DB6C     		ldr	r3, [r3, #76]
 320 00f6 03F00103 		and	r3, r3, #1
 321 00fa 0593     		str	r3, [sp, #20]
 164:Core/Src/stm32g4xx_hal_msp.c ****     /**ADC2 GPIO Configuration
 322              		.loc 1 164 5 discriminator 1 view .LVU91
 323 00fc 059B     		ldr	r3, [sp, #20]
 324              	.LBE7:
 164:Core/Src/stm32g4xx_hal_msp.c ****     /**ADC2 GPIO Configuration
 325              		.loc 1 164 5 discriminator 1 view .LVU92
 169:Core/Src/stm32g4xx_hal_msp.c ****     GPIO_InitStruct.Mode = GPIO_MODE_ANALOG;
ARM GAS  /tmp/cczggVXv.s 			page 11


 326              		.loc 1 169 5 discriminator 1 view .LVU93
 169:Core/Src/stm32g4xx_hal_msp.c ****     GPIO_InitStruct.Mode = GPIO_MODE_ANALOG;
 327              		.loc 1 169 25 is_stmt 0 discriminator 1 view .LVU94
 328 00fe 5023     		movs	r3, #80
 329 0100 1B93     		str	r3, [sp, #108]
 170:Core/Src/stm32g4xx_hal_msp.c ****     GPIO_InitStruct.Pull = GPIO_NOPULL;
 330              		.loc 1 170 5 is_stmt 1 discriminator 1 view .LVU95
 170:Core/Src/stm32g4xx_hal_msp.c ****     GPIO_InitStruct.Pull = GPIO_NOPULL;
 331              		.loc 1 170 26 is_stmt 0 discriminator 1 view .LVU96
 332 0102 0323     		movs	r3, #3
 333 0104 1C93     		str	r3, [sp, #112]
 171:Core/Src/stm32g4xx_hal_msp.c ****     HAL_GPIO_Init(GPIOA, &GPIO_InitStruct);
 334              		.loc 1 171 5 is_stmt 1 discriminator 1 view .LVU97
 171:Core/Src/stm32g4xx_hal_msp.c ****     HAL_GPIO_Init(GPIOA, &GPIO_InitStruct);
 335              		.loc 1 171 26 is_stmt 0 discriminator 1 view .LVU98
 336 0106 0024     		movs	r4, #0
 337              	.LVL15:
 171:Core/Src/stm32g4xx_hal_msp.c ****     HAL_GPIO_Init(GPIOA, &GPIO_InitStruct);
 338              		.loc 1 171 26 discriminator 1 view .LVU99
 339 0108 1D94     		str	r4, [sp, #116]
 172:Core/Src/stm32g4xx_hal_msp.c **** 
 340              		.loc 1 172 5 is_stmt 1 discriminator 1 view .LVU100
 341 010a 1BA9     		add	r1, sp, #108
 342 010c 4FF09040 		mov	r0, #1207959552
 343 0110 FFF7FEFF 		bl	HAL_GPIO_Init
 344              	.LVL16:
 175:Core/Src/stm32g4xx_hal_msp.c ****     HAL_NVIC_EnableIRQ(ADC1_2_IRQn);
 345              		.loc 1 175 5 discriminator 1 view .LVU101
 346 0114 2246     		mov	r2, r4
 347 0116 2146     		mov	r1, r4
 348 0118 1220     		movs	r0, #18
 349 011a FFF7FEFF 		bl	HAL_NVIC_SetPriority
 350              	.LVL17:
 176:Core/Src/stm32g4xx_hal_msp.c ****     /* USER CODE BEGIN ADC2_MspInit 1 */
 351              		.loc 1 176 5 discriminator 1 view .LVU102
 352 011e 1220     		movs	r0, #18
 353 0120 FFF7FEFF 		bl	HAL_NVIC_EnableIRQ
 354              	.LVL18:
 355              		.loc 1 182 1 is_stmt 0 discriminator 1 view .LVU103
 356 0124 80E7     		b	.L5
 357              	.LVL19:
 358              	.L17:
 155:Core/Src/stm32g4xx_hal_msp.c ****     }
 359              		.loc 1 155 7 is_stmt 1 view .LVU104
 360 0126 FFF7FEFF 		bl	Error_Handler
 361              	.LVL20:
 362 012a D8E7     		b	.L10
 363              	.L18:
 161:Core/Src/stm32g4xx_hal_msp.c ****     }
 364              		.loc 1 161 7 view .LVU105
 365              	.LBB8:
 161:Core/Src/stm32g4xx_hal_msp.c ****     }
 366              		.loc 1 161 7 view .LVU106
 161:Core/Src/stm32g4xx_hal_msp.c ****     }
 367              		.loc 1 161 7 view .LVU107
 368 012c 074B     		ldr	r3, .L19+8
 369 012e DA6C     		ldr	r2, [r3, #76]
ARM GAS  /tmp/cczggVXv.s 			page 12


 370 0130 42F40052 		orr	r2, r2, #8192
 371 0134 DA64     		str	r2, [r3, #76]
 161:Core/Src/stm32g4xx_hal_msp.c ****     }
 372              		.loc 1 161 7 view .LVU108
 373 0136 DB6C     		ldr	r3, [r3, #76]
 374 0138 03F40053 		and	r3, r3, #8192
 375 013c 0493     		str	r3, [sp, #16]
 161:Core/Src/stm32g4xx_hal_msp.c ****     }
 376              		.loc 1 161 7 view .LVU109
 377 013e 049B     		ldr	r3, [sp, #16]
 378 0140 D3E7     		b	.L11
 379              	.L20:
 380 0142 00BF     		.align	2
 381              	.L19:
 382 0144 00010050 		.word	1342177536
 383 0148 00000000 		.word	.LANCHOR0
 384 014c 00100240 		.word	1073876992
 385 0150 00040048 		.word	1207960576
 386              	.LBE8:
 387              		.cfi_endproc
 388              	.LFE330:
 390              		.section	.text.HAL_ADC_MspDeInit,"ax",%progbits
 391              		.align	1
 392              		.global	HAL_ADC_MspDeInit
 393              		.syntax unified
 394              		.thumb
 395              		.thumb_func
 396              		.fpu fpv4-sp-d16
 398              	HAL_ADC_MspDeInit:
 399              	.LVL21:
 400              	.LFB331:
 183:Core/Src/stm32g4xx_hal_msp.c **** 
 184:Core/Src/stm32g4xx_hal_msp.c **** /**
 185:Core/Src/stm32g4xx_hal_msp.c ****   * @brief ADC MSP De-Initialization
 186:Core/Src/stm32g4xx_hal_msp.c ****   * This function freeze the hardware resources used in this example
 187:Core/Src/stm32g4xx_hal_msp.c ****   * @param hadc: ADC handle pointer
 188:Core/Src/stm32g4xx_hal_msp.c ****   * @retval None
 189:Core/Src/stm32g4xx_hal_msp.c ****   */
 190:Core/Src/stm32g4xx_hal_msp.c **** void HAL_ADC_MspDeInit(ADC_HandleTypeDef* hadc)
 191:Core/Src/stm32g4xx_hal_msp.c **** {
 401              		.loc 1 191 1 view -0
 402              		.cfi_startproc
 403              		@ args = 0, pretend = 0, frame = 0
 404              		@ frame_needed = 0, uses_anonymous_args = 0
 405              		.loc 1 191 1 is_stmt 0 view .LVU111
 406 0000 08B5     		push	{r3, lr}
 407              	.LCFI7:
 408              		.cfi_def_cfa_offset 8
 409              		.cfi_offset 3, -8
 410              		.cfi_offset 14, -4
 192:Core/Src/stm32g4xx_hal_msp.c ****   if(hadc->Instance==ADC1)
 411              		.loc 1 192 3 is_stmt 1 view .LVU112
 412              		.loc 1 192 10 is_stmt 0 view .LVU113
 413 0002 0368     		ldr	r3, [r0]
 414              		.loc 1 192 5 view .LVU114
 415 0004 B3F1A04F 		cmp	r3, #1342177280
 416 0008 03D0     		beq	.L27
ARM GAS  /tmp/cczggVXv.s 			page 13


 193:Core/Src/stm32g4xx_hal_msp.c ****   {
 194:Core/Src/stm32g4xx_hal_msp.c ****     /* USER CODE BEGIN ADC1_MspDeInit 0 */
 195:Core/Src/stm32g4xx_hal_msp.c **** 
 196:Core/Src/stm32g4xx_hal_msp.c ****     /* USER CODE END ADC1_MspDeInit 0 */
 197:Core/Src/stm32g4xx_hal_msp.c ****     /* Peripheral clock disable */
 198:Core/Src/stm32g4xx_hal_msp.c ****     HAL_RCC_ADC12_CLK_ENABLED--;
 199:Core/Src/stm32g4xx_hal_msp.c ****     if(HAL_RCC_ADC12_CLK_ENABLED==0){
 200:Core/Src/stm32g4xx_hal_msp.c ****       __HAL_RCC_ADC12_CLK_DISABLE();
 201:Core/Src/stm32g4xx_hal_msp.c ****     }
 202:Core/Src/stm32g4xx_hal_msp.c **** 
 203:Core/Src/stm32g4xx_hal_msp.c ****     /**ADC1 GPIO Configuration
 204:Core/Src/stm32g4xx_hal_msp.c ****     PA0     ------> ADC1_IN1
 205:Core/Src/stm32g4xx_hal_msp.c ****     PB0     ------> ADC1_IN15
 206:Core/Src/stm32g4xx_hal_msp.c ****     PB1     ------> ADC1_IN12
 207:Core/Src/stm32g4xx_hal_msp.c ****     PB12     ------> ADC1_IN11
 208:Core/Src/stm32g4xx_hal_msp.c ****     */
 209:Core/Src/stm32g4xx_hal_msp.c ****     HAL_GPIO_DeInit(GPIOA, GPIO_PIN_0);
 210:Core/Src/stm32g4xx_hal_msp.c **** 
 211:Core/Src/stm32g4xx_hal_msp.c ****     HAL_GPIO_DeInit(GPIOB, GPIO_PIN_0|GPIO_PIN_1|GPIO_PIN_12);
 212:Core/Src/stm32g4xx_hal_msp.c **** 
 213:Core/Src/stm32g4xx_hal_msp.c ****     /* ADC1 interrupt DeInit */
 214:Core/Src/stm32g4xx_hal_msp.c ****     /* USER CODE BEGIN ADC1:ADC1_2_IRQn disable */
 215:Core/Src/stm32g4xx_hal_msp.c ****     /**
 216:Core/Src/stm32g4xx_hal_msp.c ****     * Uncomment the line below to disable the "ADC1_2_IRQn" interrupt
 217:Core/Src/stm32g4xx_hal_msp.c ****     * Be aware, disabling shared interrupt may affect other IPs
 218:Core/Src/stm32g4xx_hal_msp.c ****     */
 219:Core/Src/stm32g4xx_hal_msp.c ****     /* HAL_NVIC_DisableIRQ(ADC1_2_IRQn); */
 220:Core/Src/stm32g4xx_hal_msp.c ****     /* USER CODE END ADC1:ADC1_2_IRQn disable */
 221:Core/Src/stm32g4xx_hal_msp.c **** 
 222:Core/Src/stm32g4xx_hal_msp.c ****     /* USER CODE BEGIN ADC1_MspDeInit 1 */
 223:Core/Src/stm32g4xx_hal_msp.c **** 
 224:Core/Src/stm32g4xx_hal_msp.c ****     /* USER CODE END ADC1_MspDeInit 1 */
 225:Core/Src/stm32g4xx_hal_msp.c ****   }
 226:Core/Src/stm32g4xx_hal_msp.c ****   else if(hadc->Instance==ADC2)
 417              		.loc 1 226 8 is_stmt 1 view .LVU115
 418              		.loc 1 226 10 is_stmt 0 view .LVU116
 419 000a 144A     		ldr	r2, .L29
 420 000c 9342     		cmp	r3, r2
 421 000e 15D0     		beq	.L28
 422              	.LVL22:
 423              	.L21:
 227:Core/Src/stm32g4xx_hal_msp.c ****   {
 228:Core/Src/stm32g4xx_hal_msp.c ****     /* USER CODE BEGIN ADC2_MspDeInit 0 */
 229:Core/Src/stm32g4xx_hal_msp.c **** 
 230:Core/Src/stm32g4xx_hal_msp.c ****     /* USER CODE END ADC2_MspDeInit 0 */
 231:Core/Src/stm32g4xx_hal_msp.c ****     /* Peripheral clock disable */
 232:Core/Src/stm32g4xx_hal_msp.c ****     HAL_RCC_ADC12_CLK_ENABLED--;
 233:Core/Src/stm32g4xx_hal_msp.c ****     if(HAL_RCC_ADC12_CLK_ENABLED==0){
 234:Core/Src/stm32g4xx_hal_msp.c ****       __HAL_RCC_ADC12_CLK_DISABLE();
 235:Core/Src/stm32g4xx_hal_msp.c ****     }
 236:Core/Src/stm32g4xx_hal_msp.c **** 
 237:Core/Src/stm32g4xx_hal_msp.c ****     /**ADC2 GPIO Configuration
 238:Core/Src/stm32g4xx_hal_msp.c ****     PA4     ------> ADC2_IN17
 239:Core/Src/stm32g4xx_hal_msp.c ****     PA6     ------> ADC2_IN3
 240:Core/Src/stm32g4xx_hal_msp.c ****     */
 241:Core/Src/stm32g4xx_hal_msp.c ****     HAL_GPIO_DeInit(GPIOA, GPIO_PIN_4|GPIO_PIN_6);
 242:Core/Src/stm32g4xx_hal_msp.c **** 
ARM GAS  /tmp/cczggVXv.s 			page 14


 243:Core/Src/stm32g4xx_hal_msp.c ****     /* ADC2 interrupt DeInit */
 244:Core/Src/stm32g4xx_hal_msp.c ****     /* USER CODE BEGIN ADC2:ADC1_2_IRQn disable */
 245:Core/Src/stm32g4xx_hal_msp.c ****     /**
 246:Core/Src/stm32g4xx_hal_msp.c ****     * Uncomment the line below to disable the "ADC1_2_IRQn" interrupt
 247:Core/Src/stm32g4xx_hal_msp.c ****     * Be aware, disabling shared interrupt may affect other IPs
 248:Core/Src/stm32g4xx_hal_msp.c ****     */
 249:Core/Src/stm32g4xx_hal_msp.c ****     /* HAL_NVIC_DisableIRQ(ADC1_2_IRQn); */
 250:Core/Src/stm32g4xx_hal_msp.c ****     /* USER CODE END ADC2:ADC1_2_IRQn disable */
 251:Core/Src/stm32g4xx_hal_msp.c **** 
 252:Core/Src/stm32g4xx_hal_msp.c ****     /* USER CODE BEGIN ADC2_MspDeInit 1 */
 253:Core/Src/stm32g4xx_hal_msp.c **** 
 254:Core/Src/stm32g4xx_hal_msp.c ****     /* USER CODE END ADC2_MspDeInit 1 */
 255:Core/Src/stm32g4xx_hal_msp.c ****   }
 256:Core/Src/stm32g4xx_hal_msp.c **** 
 257:Core/Src/stm32g4xx_hal_msp.c **** }
 424              		.loc 1 257 1 view .LVU117
 425 0010 08BD     		pop	{r3, pc}
 426              	.LVL23:
 427              	.L27:
 198:Core/Src/stm32g4xx_hal_msp.c ****     if(HAL_RCC_ADC12_CLK_ENABLED==0){
 428              		.loc 1 198 5 is_stmt 1 view .LVU118
 198:Core/Src/stm32g4xx_hal_msp.c ****     if(HAL_RCC_ADC12_CLK_ENABLED==0){
 429              		.loc 1 198 30 is_stmt 0 view .LVU119
 430 0012 134A     		ldr	r2, .L29+4
 431 0014 1368     		ldr	r3, [r2]
 432 0016 013B     		subs	r3, r3, #1
 433 0018 1360     		str	r3, [r2]
 199:Core/Src/stm32g4xx_hal_msp.c ****       __HAL_RCC_ADC12_CLK_DISABLE();
 434              		.loc 1 199 5 is_stmt 1 view .LVU120
 199:Core/Src/stm32g4xx_hal_msp.c ****       __HAL_RCC_ADC12_CLK_DISABLE();
 435              		.loc 1 199 7 is_stmt 0 view .LVU121
 436 001a 23B9     		cbnz	r3, .L23
 200:Core/Src/stm32g4xx_hal_msp.c ****     }
 437              		.loc 1 200 7 is_stmt 1 view .LVU122
 438 001c 114A     		ldr	r2, .L29+8
 439 001e D36C     		ldr	r3, [r2, #76]
 440 0020 23F40053 		bic	r3, r3, #8192
 441 0024 D364     		str	r3, [r2, #76]
 442              	.L23:
 209:Core/Src/stm32g4xx_hal_msp.c **** 
 443              		.loc 1 209 5 view .LVU123
 444 0026 0121     		movs	r1, #1
 445 0028 4FF09040 		mov	r0, #1207959552
 446              	.LVL24:
 209:Core/Src/stm32g4xx_hal_msp.c **** 
 447              		.loc 1 209 5 is_stmt 0 view .LVU124
 448 002c FFF7FEFF 		bl	HAL_GPIO_DeInit
 449              	.LVL25:
 211:Core/Src/stm32g4xx_hal_msp.c **** 
 450              		.loc 1 211 5 is_stmt 1 view .LVU125
 451 0030 41F20301 		movw	r1, #4099
 452 0034 0C48     		ldr	r0, .L29+12
 453 0036 FFF7FEFF 		bl	HAL_GPIO_DeInit
 454              	.LVL26:
 455 003a E9E7     		b	.L21
 456              	.LVL27:
 457              	.L28:
ARM GAS  /tmp/cczggVXv.s 			page 15


 232:Core/Src/stm32g4xx_hal_msp.c ****     if(HAL_RCC_ADC12_CLK_ENABLED==0){
 458              		.loc 1 232 5 view .LVU126
 232:Core/Src/stm32g4xx_hal_msp.c ****     if(HAL_RCC_ADC12_CLK_ENABLED==0){
 459              		.loc 1 232 30 is_stmt 0 view .LVU127
 460 003c 084A     		ldr	r2, .L29+4
 461 003e 1368     		ldr	r3, [r2]
 462 0040 013B     		subs	r3, r3, #1
 463 0042 1360     		str	r3, [r2]
 233:Core/Src/stm32g4xx_hal_msp.c ****       __HAL_RCC_ADC12_CLK_DISABLE();
 464              		.loc 1 233 5 is_stmt 1 view .LVU128
 233:Core/Src/stm32g4xx_hal_msp.c ****       __HAL_RCC_ADC12_CLK_DISABLE();
 465              		.loc 1 233 7 is_stmt 0 view .LVU129
 466 0044 23B9     		cbnz	r3, .L25
 234:Core/Src/stm32g4xx_hal_msp.c ****     }
 467              		.loc 1 234 7 is_stmt 1 view .LVU130
 468 0046 074A     		ldr	r2, .L29+8
 469 0048 D36C     		ldr	r3, [r2, #76]
 470 004a 23F40053 		bic	r3, r3, #8192
 471 004e D364     		str	r3, [r2, #76]
 472              	.L25:
 241:Core/Src/stm32g4xx_hal_msp.c **** 
 473              		.loc 1 241 5 view .LVU131
 474 0050 5021     		movs	r1, #80
 475 0052 4FF09040 		mov	r0, #1207959552
 476              	.LVL28:
 241:Core/Src/stm32g4xx_hal_msp.c **** 
 477              		.loc 1 241 5 is_stmt 0 view .LVU132
 478 0056 FFF7FEFF 		bl	HAL_GPIO_DeInit
 479              	.LVL29:
 480              		.loc 1 257 1 view .LVU133
 481 005a D9E7     		b	.L21
 482              	.L30:
 483              		.align	2
 484              	.L29:
 485 005c 00010050 		.word	1342177536
 486 0060 00000000 		.word	.LANCHOR0
 487 0064 00100240 		.word	1073876992
 488 0068 00040048 		.word	1207960576
 489              		.cfi_endproc
 490              	.LFE331:
 492              		.section	.text.HAL_SPI_MspInit,"ax",%progbits
 493              		.align	1
 494              		.global	HAL_SPI_MspInit
 495              		.syntax unified
 496              		.thumb
 497              		.thumb_func
 498              		.fpu fpv4-sp-d16
 500              	HAL_SPI_MspInit:
 501              	.LVL30:
 502              	.LFB332:
 258:Core/Src/stm32g4xx_hal_msp.c **** 
 259:Core/Src/stm32g4xx_hal_msp.c **** /**
 260:Core/Src/stm32g4xx_hal_msp.c ****   * @brief SPI MSP Initialization
 261:Core/Src/stm32g4xx_hal_msp.c ****   * This function configures the hardware resources used in this example
 262:Core/Src/stm32g4xx_hal_msp.c ****   * @param hspi: SPI handle pointer
 263:Core/Src/stm32g4xx_hal_msp.c ****   * @retval None
 264:Core/Src/stm32g4xx_hal_msp.c ****   */
ARM GAS  /tmp/cczggVXv.s 			page 16


 265:Core/Src/stm32g4xx_hal_msp.c **** void HAL_SPI_MspInit(SPI_HandleTypeDef* hspi)
 266:Core/Src/stm32g4xx_hal_msp.c **** {
 503              		.loc 1 266 1 is_stmt 1 view -0
 504              		.cfi_startproc
 505              		@ args = 0, pretend = 0, frame = 32
 506              		@ frame_needed = 0, uses_anonymous_args = 0
 507              		.loc 1 266 1 is_stmt 0 view .LVU135
 508 0000 30B5     		push	{r4, r5, lr}
 509              	.LCFI8:
 510              		.cfi_def_cfa_offset 12
 511              		.cfi_offset 4, -12
 512              		.cfi_offset 5, -8
 513              		.cfi_offset 14, -4
 514 0002 89B0     		sub	sp, sp, #36
 515              	.LCFI9:
 516              		.cfi_def_cfa_offset 48
 267:Core/Src/stm32g4xx_hal_msp.c ****   GPIO_InitTypeDef GPIO_InitStruct = {0};
 517              		.loc 1 267 3 is_stmt 1 view .LVU136
 518              		.loc 1 267 20 is_stmt 0 view .LVU137
 519 0004 0023     		movs	r3, #0
 520 0006 0393     		str	r3, [sp, #12]
 521 0008 0493     		str	r3, [sp, #16]
 522 000a 0593     		str	r3, [sp, #20]
 523 000c 0693     		str	r3, [sp, #24]
 524 000e 0793     		str	r3, [sp, #28]
 268:Core/Src/stm32g4xx_hal_msp.c ****   if(hspi->Instance==SPI1)
 525              		.loc 1 268 3 is_stmt 1 view .LVU138
 526              		.loc 1 268 10 is_stmt 0 view .LVU139
 527 0010 0268     		ldr	r2, [r0]
 528              		.loc 1 268 5 view .LVU140
 529 0012 1C4B     		ldr	r3, .L35
 530 0014 9A42     		cmp	r2, r3
 531 0016 01D0     		beq	.L34
 532              	.LVL31:
 533              	.L31:
 269:Core/Src/stm32g4xx_hal_msp.c ****   {
 270:Core/Src/stm32g4xx_hal_msp.c ****     /* USER CODE BEGIN SPI1_MspInit 0 */
 271:Core/Src/stm32g4xx_hal_msp.c **** 
 272:Core/Src/stm32g4xx_hal_msp.c ****     /* USER CODE END SPI1_MspInit 0 */
 273:Core/Src/stm32g4xx_hal_msp.c ****     /* Peripheral clock enable */
 274:Core/Src/stm32g4xx_hal_msp.c ****     __HAL_RCC_SPI1_CLK_ENABLE();
 275:Core/Src/stm32g4xx_hal_msp.c **** 
 276:Core/Src/stm32g4xx_hal_msp.c ****     __HAL_RCC_GPIOA_CLK_ENABLE();
 277:Core/Src/stm32g4xx_hal_msp.c ****     __HAL_RCC_GPIOB_CLK_ENABLE();
 278:Core/Src/stm32g4xx_hal_msp.c ****     /**SPI1 GPIO Configuration
 279:Core/Src/stm32g4xx_hal_msp.c ****     PA7     ------> SPI1_MOSI
 280:Core/Src/stm32g4xx_hal_msp.c ****     PB3     ------> SPI1_SCK
 281:Core/Src/stm32g4xx_hal_msp.c ****     PB4     ------> SPI1_MISO
 282:Core/Src/stm32g4xx_hal_msp.c ****     */
 283:Core/Src/stm32g4xx_hal_msp.c ****     GPIO_InitStruct.Pin = GPIO_PIN_7;
 284:Core/Src/stm32g4xx_hal_msp.c ****     GPIO_InitStruct.Mode = GPIO_MODE_AF_PP;
 285:Core/Src/stm32g4xx_hal_msp.c ****     GPIO_InitStruct.Pull = GPIO_NOPULL;
 286:Core/Src/stm32g4xx_hal_msp.c ****     GPIO_InitStruct.Speed = GPIO_SPEED_FREQ_LOW;
 287:Core/Src/stm32g4xx_hal_msp.c ****     GPIO_InitStruct.Alternate = GPIO_AF5_SPI1;
 288:Core/Src/stm32g4xx_hal_msp.c ****     HAL_GPIO_Init(GPIOA, &GPIO_InitStruct);
 289:Core/Src/stm32g4xx_hal_msp.c **** 
 290:Core/Src/stm32g4xx_hal_msp.c ****     GPIO_InitStruct.Pin = GPIO_PIN_3|GPIO_PIN_4;
ARM GAS  /tmp/cczggVXv.s 			page 17


 291:Core/Src/stm32g4xx_hal_msp.c ****     GPIO_InitStruct.Mode = GPIO_MODE_AF_PP;
 292:Core/Src/stm32g4xx_hal_msp.c ****     GPIO_InitStruct.Pull = GPIO_NOPULL;
 293:Core/Src/stm32g4xx_hal_msp.c ****     GPIO_InitStruct.Speed = GPIO_SPEED_FREQ_LOW;
 294:Core/Src/stm32g4xx_hal_msp.c ****     GPIO_InitStruct.Alternate = GPIO_AF5_SPI1;
 295:Core/Src/stm32g4xx_hal_msp.c ****     HAL_GPIO_Init(GPIOB, &GPIO_InitStruct);
 296:Core/Src/stm32g4xx_hal_msp.c **** 
 297:Core/Src/stm32g4xx_hal_msp.c ****     /* USER CODE BEGIN SPI1_MspInit 1 */
 298:Core/Src/stm32g4xx_hal_msp.c **** 
 299:Core/Src/stm32g4xx_hal_msp.c ****     /* USER CODE END SPI1_MspInit 1 */
 300:Core/Src/stm32g4xx_hal_msp.c **** 
 301:Core/Src/stm32g4xx_hal_msp.c ****   }
 302:Core/Src/stm32g4xx_hal_msp.c **** 
 303:Core/Src/stm32g4xx_hal_msp.c **** }
 534              		.loc 1 303 1 view .LVU141
 535 0018 09B0     		add	sp, sp, #36
 536              	.LCFI10:
 537              		.cfi_remember_state
 538              		.cfi_def_cfa_offset 12
 539              		@ sp needed
 540 001a 30BD     		pop	{r4, r5, pc}
 541              	.LVL32:
 542              	.L34:
 543              	.LCFI11:
 544              		.cfi_restore_state
 274:Core/Src/stm32g4xx_hal_msp.c **** 
 545              		.loc 1 274 5 is_stmt 1 view .LVU142
 546              	.LBB9:
 274:Core/Src/stm32g4xx_hal_msp.c **** 
 547              		.loc 1 274 5 view .LVU143
 274:Core/Src/stm32g4xx_hal_msp.c **** 
 548              		.loc 1 274 5 view .LVU144
 549 001c 03F56043 		add	r3, r3, #57344
 550 0020 1A6E     		ldr	r2, [r3, #96]
 551 0022 42F48052 		orr	r2, r2, #4096
 552 0026 1A66     		str	r2, [r3, #96]
 274:Core/Src/stm32g4xx_hal_msp.c **** 
 553              		.loc 1 274 5 view .LVU145
 554 0028 1A6E     		ldr	r2, [r3, #96]
 555 002a 02F48052 		and	r2, r2, #4096
 556 002e 0092     		str	r2, [sp]
 274:Core/Src/stm32g4xx_hal_msp.c **** 
 557              		.loc 1 274 5 view .LVU146
 558 0030 009A     		ldr	r2, [sp]
 559              	.LBE9:
 274:Core/Src/stm32g4xx_hal_msp.c **** 
 560              		.loc 1 274 5 view .LVU147
 276:Core/Src/stm32g4xx_hal_msp.c ****     __HAL_RCC_GPIOB_CLK_ENABLE();
 561              		.loc 1 276 5 view .LVU148
 562              	.LBB10:
 276:Core/Src/stm32g4xx_hal_msp.c ****     __HAL_RCC_GPIOB_CLK_ENABLE();
 563              		.loc 1 276 5 view .LVU149
 276:Core/Src/stm32g4xx_hal_msp.c ****     __HAL_RCC_GPIOB_CLK_ENABLE();
 564              		.loc 1 276 5 view .LVU150
 565 0032 DA6C     		ldr	r2, [r3, #76]
 566 0034 42F00102 		orr	r2, r2, #1
 567 0038 DA64     		str	r2, [r3, #76]
 276:Core/Src/stm32g4xx_hal_msp.c ****     __HAL_RCC_GPIOB_CLK_ENABLE();
ARM GAS  /tmp/cczggVXv.s 			page 18


 568              		.loc 1 276 5 view .LVU151
 569 003a DA6C     		ldr	r2, [r3, #76]
 570 003c 02F00102 		and	r2, r2, #1
 571 0040 0192     		str	r2, [sp, #4]
 276:Core/Src/stm32g4xx_hal_msp.c ****     __HAL_RCC_GPIOB_CLK_ENABLE();
 572              		.loc 1 276 5 view .LVU152
 573 0042 019A     		ldr	r2, [sp, #4]
 574              	.LBE10:
 276:Core/Src/stm32g4xx_hal_msp.c ****     __HAL_RCC_GPIOB_CLK_ENABLE();
 575              		.loc 1 276 5 view .LVU153
 277:Core/Src/stm32g4xx_hal_msp.c ****     /**SPI1 GPIO Configuration
 576              		.loc 1 277 5 view .LVU154
 577              	.LBB11:
 277:Core/Src/stm32g4xx_hal_msp.c ****     /**SPI1 GPIO Configuration
 578              		.loc 1 277 5 view .LVU155
 277:Core/Src/stm32g4xx_hal_msp.c ****     /**SPI1 GPIO Configuration
 579              		.loc 1 277 5 view .LVU156
 580 0044 DA6C     		ldr	r2, [r3, #76]
 581 0046 42F00202 		orr	r2, r2, #2
 582 004a DA64     		str	r2, [r3, #76]
 277:Core/Src/stm32g4xx_hal_msp.c ****     /**SPI1 GPIO Configuration
 583              		.loc 1 277 5 view .LVU157
 584 004c DB6C     		ldr	r3, [r3, #76]
 585 004e 03F00203 		and	r3, r3, #2
 586 0052 0293     		str	r3, [sp, #8]
 277:Core/Src/stm32g4xx_hal_msp.c ****     /**SPI1 GPIO Configuration
 587              		.loc 1 277 5 view .LVU158
 588 0054 029B     		ldr	r3, [sp, #8]
 589              	.LBE11:
 277:Core/Src/stm32g4xx_hal_msp.c ****     /**SPI1 GPIO Configuration
 590              		.loc 1 277 5 view .LVU159
 283:Core/Src/stm32g4xx_hal_msp.c ****     GPIO_InitStruct.Mode = GPIO_MODE_AF_PP;
 591              		.loc 1 283 5 view .LVU160
 283:Core/Src/stm32g4xx_hal_msp.c ****     GPIO_InitStruct.Mode = GPIO_MODE_AF_PP;
 592              		.loc 1 283 25 is_stmt 0 view .LVU161
 593 0056 8023     		movs	r3, #128
 594 0058 0393     		str	r3, [sp, #12]
 284:Core/Src/stm32g4xx_hal_msp.c ****     GPIO_InitStruct.Pull = GPIO_NOPULL;
 595              		.loc 1 284 5 is_stmt 1 view .LVU162
 284:Core/Src/stm32g4xx_hal_msp.c ****     GPIO_InitStruct.Pull = GPIO_NOPULL;
 596              		.loc 1 284 26 is_stmt 0 view .LVU163
 597 005a 0225     		movs	r5, #2
 598 005c 0495     		str	r5, [sp, #16]
 285:Core/Src/stm32g4xx_hal_msp.c ****     GPIO_InitStruct.Speed = GPIO_SPEED_FREQ_LOW;
 599              		.loc 1 285 5 is_stmt 1 view .LVU164
 286:Core/Src/stm32g4xx_hal_msp.c ****     GPIO_InitStruct.Alternate = GPIO_AF5_SPI1;
 600              		.loc 1 286 5 view .LVU165
 287:Core/Src/stm32g4xx_hal_msp.c ****     HAL_GPIO_Init(GPIOA, &GPIO_InitStruct);
 601              		.loc 1 287 5 view .LVU166
 287:Core/Src/stm32g4xx_hal_msp.c ****     HAL_GPIO_Init(GPIOA, &GPIO_InitStruct);
 602              		.loc 1 287 31 is_stmt 0 view .LVU167
 603 005e 0524     		movs	r4, #5
 604 0060 0794     		str	r4, [sp, #28]
 288:Core/Src/stm32g4xx_hal_msp.c **** 
 605              		.loc 1 288 5 is_stmt 1 view .LVU168
 606 0062 03A9     		add	r1, sp, #12
 607 0064 4FF09040 		mov	r0, #1207959552
ARM GAS  /tmp/cczggVXv.s 			page 19


 608              	.LVL33:
 288:Core/Src/stm32g4xx_hal_msp.c **** 
 609              		.loc 1 288 5 is_stmt 0 view .LVU169
 610 0068 FFF7FEFF 		bl	HAL_GPIO_Init
 611              	.LVL34:
 290:Core/Src/stm32g4xx_hal_msp.c ****     GPIO_InitStruct.Mode = GPIO_MODE_AF_PP;
 612              		.loc 1 290 5 is_stmt 1 view .LVU170
 290:Core/Src/stm32g4xx_hal_msp.c ****     GPIO_InitStruct.Mode = GPIO_MODE_AF_PP;
 613              		.loc 1 290 25 is_stmt 0 view .LVU171
 614 006c 1823     		movs	r3, #24
 615 006e 0393     		str	r3, [sp, #12]
 291:Core/Src/stm32g4xx_hal_msp.c ****     GPIO_InitStruct.Pull = GPIO_NOPULL;
 616              		.loc 1 291 5 is_stmt 1 view .LVU172
 291:Core/Src/stm32g4xx_hal_msp.c ****     GPIO_InitStruct.Pull = GPIO_NOPULL;
 617              		.loc 1 291 26 is_stmt 0 view .LVU173
 618 0070 0495     		str	r5, [sp, #16]
 292:Core/Src/stm32g4xx_hal_msp.c ****     GPIO_InitStruct.Speed = GPIO_SPEED_FREQ_LOW;
 619              		.loc 1 292 5 is_stmt 1 view .LVU174
 292:Core/Src/stm32g4xx_hal_msp.c ****     GPIO_InitStruct.Speed = GPIO_SPEED_FREQ_LOW;
 620              		.loc 1 292 26 is_stmt 0 view .LVU175
 621 0072 0023     		movs	r3, #0
 622 0074 0593     		str	r3, [sp, #20]
 293:Core/Src/stm32g4xx_hal_msp.c ****     GPIO_InitStruct.Alternate = GPIO_AF5_SPI1;
 623              		.loc 1 293 5 is_stmt 1 view .LVU176
 293:Core/Src/stm32g4xx_hal_msp.c ****     GPIO_InitStruct.Alternate = GPIO_AF5_SPI1;
 624              		.loc 1 293 27 is_stmt 0 view .LVU177
 625 0076 0693     		str	r3, [sp, #24]
 294:Core/Src/stm32g4xx_hal_msp.c ****     HAL_GPIO_Init(GPIOB, &GPIO_InitStruct);
 626              		.loc 1 294 5 is_stmt 1 view .LVU178
 294:Core/Src/stm32g4xx_hal_msp.c ****     HAL_GPIO_Init(GPIOB, &GPIO_InitStruct);
 627              		.loc 1 294 31 is_stmt 0 view .LVU179
 628 0078 0794     		str	r4, [sp, #28]
 295:Core/Src/stm32g4xx_hal_msp.c **** 
 629              		.loc 1 295 5 is_stmt 1 view .LVU180
 630 007a 03A9     		add	r1, sp, #12
 631 007c 0248     		ldr	r0, .L35+4
 632 007e FFF7FEFF 		bl	HAL_GPIO_Init
 633              	.LVL35:
 634              		.loc 1 303 1 is_stmt 0 view .LVU181
 635 0082 C9E7     		b	.L31
 636              	.L36:
 637              		.align	2
 638              	.L35:
 639 0084 00300140 		.word	1073819648
 640 0088 00040048 		.word	1207960576
 641              		.cfi_endproc
 642              	.LFE332:
 644              		.section	.text.HAL_SPI_MspDeInit,"ax",%progbits
 645              		.align	1
 646              		.global	HAL_SPI_MspDeInit
 647              		.syntax unified
 648              		.thumb
 649              		.thumb_func
 650              		.fpu fpv4-sp-d16
 652              	HAL_SPI_MspDeInit:
 653              	.LVL36:
 654              	.LFB333:
ARM GAS  /tmp/cczggVXv.s 			page 20


 304:Core/Src/stm32g4xx_hal_msp.c **** 
 305:Core/Src/stm32g4xx_hal_msp.c **** /**
 306:Core/Src/stm32g4xx_hal_msp.c ****   * @brief SPI MSP De-Initialization
 307:Core/Src/stm32g4xx_hal_msp.c ****   * This function freeze the hardware resources used in this example
 308:Core/Src/stm32g4xx_hal_msp.c ****   * @param hspi: SPI handle pointer
 309:Core/Src/stm32g4xx_hal_msp.c ****   * @retval None
 310:Core/Src/stm32g4xx_hal_msp.c ****   */
 311:Core/Src/stm32g4xx_hal_msp.c **** void HAL_SPI_MspDeInit(SPI_HandleTypeDef* hspi)
 312:Core/Src/stm32g4xx_hal_msp.c **** {
 655              		.loc 1 312 1 is_stmt 1 view -0
 656              		.cfi_startproc
 657              		@ args = 0, pretend = 0, frame = 0
 658              		@ frame_needed = 0, uses_anonymous_args = 0
 659              		.loc 1 312 1 is_stmt 0 view .LVU183
 660 0000 08B5     		push	{r3, lr}
 661              	.LCFI12:
 662              		.cfi_def_cfa_offset 8
 663              		.cfi_offset 3, -8
 664              		.cfi_offset 14, -4
 313:Core/Src/stm32g4xx_hal_msp.c ****   if(hspi->Instance==SPI1)
 665              		.loc 1 313 3 is_stmt 1 view .LVU184
 666              		.loc 1 313 10 is_stmt 0 view .LVU185
 667 0002 0268     		ldr	r2, [r0]
 668              		.loc 1 313 5 view .LVU186
 669 0004 094B     		ldr	r3, .L41
 670 0006 9A42     		cmp	r2, r3
 671 0008 00D0     		beq	.L40
 672              	.LVL37:
 673              	.L37:
 314:Core/Src/stm32g4xx_hal_msp.c ****   {
 315:Core/Src/stm32g4xx_hal_msp.c ****     /* USER CODE BEGIN SPI1_MspDeInit 0 */
 316:Core/Src/stm32g4xx_hal_msp.c **** 
 317:Core/Src/stm32g4xx_hal_msp.c ****     /* USER CODE END SPI1_MspDeInit 0 */
 318:Core/Src/stm32g4xx_hal_msp.c ****     /* Peripheral clock disable */
 319:Core/Src/stm32g4xx_hal_msp.c ****     __HAL_RCC_SPI1_CLK_DISABLE();
 320:Core/Src/stm32g4xx_hal_msp.c **** 
 321:Core/Src/stm32g4xx_hal_msp.c ****     /**SPI1 GPIO Configuration
 322:Core/Src/stm32g4xx_hal_msp.c ****     PA7     ------> SPI1_MOSI
 323:Core/Src/stm32g4xx_hal_msp.c ****     PB3     ------> SPI1_SCK
 324:Core/Src/stm32g4xx_hal_msp.c ****     PB4     ------> SPI1_MISO
 325:Core/Src/stm32g4xx_hal_msp.c ****     */
 326:Core/Src/stm32g4xx_hal_msp.c ****     HAL_GPIO_DeInit(GPIOA, GPIO_PIN_7);
 327:Core/Src/stm32g4xx_hal_msp.c **** 
 328:Core/Src/stm32g4xx_hal_msp.c ****     HAL_GPIO_DeInit(GPIOB, GPIO_PIN_3|GPIO_PIN_4);
 329:Core/Src/stm32g4xx_hal_msp.c **** 
 330:Core/Src/stm32g4xx_hal_msp.c ****     /* USER CODE BEGIN SPI1_MspDeInit 1 */
 331:Core/Src/stm32g4xx_hal_msp.c **** 
 332:Core/Src/stm32g4xx_hal_msp.c ****     /* USER CODE END SPI1_MspDeInit 1 */
 333:Core/Src/stm32g4xx_hal_msp.c ****   }
 334:Core/Src/stm32g4xx_hal_msp.c **** 
 335:Core/Src/stm32g4xx_hal_msp.c **** }
 674              		.loc 1 335 1 view .LVU187
 675 000a 08BD     		pop	{r3, pc}
 676              	.LVL38:
 677              	.L40:
 319:Core/Src/stm32g4xx_hal_msp.c **** 
 678              		.loc 1 319 5 is_stmt 1 view .LVU188
ARM GAS  /tmp/cczggVXv.s 			page 21


 679 000c 084A     		ldr	r2, .L41+4
 680 000e 136E     		ldr	r3, [r2, #96]
 681 0010 23F48053 		bic	r3, r3, #4096
 682 0014 1366     		str	r3, [r2, #96]
 326:Core/Src/stm32g4xx_hal_msp.c **** 
 683              		.loc 1 326 5 view .LVU189
 684 0016 8021     		movs	r1, #128
 685 0018 4FF09040 		mov	r0, #1207959552
 686              	.LVL39:
 326:Core/Src/stm32g4xx_hal_msp.c **** 
 687              		.loc 1 326 5 is_stmt 0 view .LVU190
 688 001c FFF7FEFF 		bl	HAL_GPIO_DeInit
 689              	.LVL40:
 328:Core/Src/stm32g4xx_hal_msp.c **** 
 690              		.loc 1 328 5 is_stmt 1 view .LVU191
 691 0020 1821     		movs	r1, #24
 692 0022 0448     		ldr	r0, .L41+8
 693 0024 FFF7FEFF 		bl	HAL_GPIO_DeInit
 694              	.LVL41:
 695              		.loc 1 335 1 is_stmt 0 view .LVU192
 696 0028 EFE7     		b	.L37
 697              	.L42:
 698 002a 00BF     		.align	2
 699              	.L41:
 700 002c 00300140 		.word	1073819648
 701 0030 00100240 		.word	1073876992
 702 0034 00040048 		.word	1207960576
 703              		.cfi_endproc
 704              	.LFE333:
 706              		.section	.text.HAL_TIM_PWM_MspInit,"ax",%progbits
 707              		.align	1
 708              		.global	HAL_TIM_PWM_MspInit
 709              		.syntax unified
 710              		.thumb
 711              		.thumb_func
 712              		.fpu fpv4-sp-d16
 714              	HAL_TIM_PWM_MspInit:
 715              	.LVL42:
 716              	.LFB334:
 336:Core/Src/stm32g4xx_hal_msp.c **** 
 337:Core/Src/stm32g4xx_hal_msp.c **** /**
 338:Core/Src/stm32g4xx_hal_msp.c ****   * @brief TIM_PWM MSP Initialization
 339:Core/Src/stm32g4xx_hal_msp.c ****   * This function configures the hardware resources used in this example
 340:Core/Src/stm32g4xx_hal_msp.c ****   * @param htim_pwm: TIM_PWM handle pointer
 341:Core/Src/stm32g4xx_hal_msp.c ****   * @retval None
 342:Core/Src/stm32g4xx_hal_msp.c ****   */
 343:Core/Src/stm32g4xx_hal_msp.c **** void HAL_TIM_PWM_MspInit(TIM_HandleTypeDef* htim_pwm)
 344:Core/Src/stm32g4xx_hal_msp.c **** {
 717              		.loc 1 344 1 is_stmt 1 view -0
 718              		.cfi_startproc
 719              		@ args = 0, pretend = 0, frame = 8
 720              		@ frame_needed = 0, uses_anonymous_args = 0
 345:Core/Src/stm32g4xx_hal_msp.c ****   if(htim_pwm->Instance==TIM1)
 721              		.loc 1 345 3 view .LVU194
 722              		.loc 1 345 14 is_stmt 0 view .LVU195
 723 0000 0268     		ldr	r2, [r0]
 724              		.loc 1 345 5 view .LVU196
ARM GAS  /tmp/cczggVXv.s 			page 22


 725 0002 0E4B     		ldr	r3, .L50
 726 0004 9A42     		cmp	r2, r3
 727 0006 00D0     		beq	.L49
 728 0008 7047     		bx	lr
 729              	.L49:
 344:Core/Src/stm32g4xx_hal_msp.c ****   if(htim_pwm->Instance==TIM1)
 730              		.loc 1 344 1 view .LVU197
 731 000a 00B5     		push	{lr}
 732              	.LCFI13:
 733              		.cfi_def_cfa_offset 4
 734              		.cfi_offset 14, -4
 735 000c 83B0     		sub	sp, sp, #12
 736              	.LCFI14:
 737              		.cfi_def_cfa_offset 16
 346:Core/Src/stm32g4xx_hal_msp.c ****   {
 347:Core/Src/stm32g4xx_hal_msp.c ****     /* USER CODE BEGIN TIM1_MspInit 0 */
 348:Core/Src/stm32g4xx_hal_msp.c **** 
 349:Core/Src/stm32g4xx_hal_msp.c ****     /* USER CODE END TIM1_MspInit 0 */
 350:Core/Src/stm32g4xx_hal_msp.c ****     /* Peripheral clock enable */
 351:Core/Src/stm32g4xx_hal_msp.c ****     __HAL_RCC_TIM1_CLK_ENABLE();
 738              		.loc 1 351 5 is_stmt 1 view .LVU198
 739              	.LBB12:
 740              		.loc 1 351 5 view .LVU199
 741              		.loc 1 351 5 view .LVU200
 742 000e 03F56443 		add	r3, r3, #58368
 743 0012 1A6E     		ldr	r2, [r3, #96]
 744 0014 42F40062 		orr	r2, r2, #2048
 745 0018 1A66     		str	r2, [r3, #96]
 746              		.loc 1 351 5 view .LVU201
 747 001a 1B6E     		ldr	r3, [r3, #96]
 748 001c 03F40063 		and	r3, r3, #2048
 749 0020 0193     		str	r3, [sp, #4]
 750              		.loc 1 351 5 view .LVU202
 751 0022 019B     		ldr	r3, [sp, #4]
 752              	.LBE12:
 753              		.loc 1 351 5 view .LVU203
 352:Core/Src/stm32g4xx_hal_msp.c ****     /* USER CODE BEGIN TIM1_MspInit 1 */
 353:Core/Src/stm32g4xx_hal_msp.c ****     HAL_NVIC_SetPriority(TIM1_UP_TIM16_IRQn, 5, 0);
 754              		.loc 1 353 5 view .LVU204
 755 0024 0022     		movs	r2, #0
 756 0026 0521     		movs	r1, #5
 757 0028 1920     		movs	r0, #25
 758              	.LVL43:
 759              		.loc 1 353 5 is_stmt 0 view .LVU205
 760 002a FFF7FEFF 		bl	HAL_NVIC_SetPriority
 761              	.LVL44:
 354:Core/Src/stm32g4xx_hal_msp.c ****     HAL_NVIC_EnableIRQ(TIM1_UP_TIM16_IRQn);
 762              		.loc 1 354 5 is_stmt 1 view .LVU206
 763 002e 1920     		movs	r0, #25
 764 0030 FFF7FEFF 		bl	HAL_NVIC_EnableIRQ
 765              	.LVL45:
 355:Core/Src/stm32g4xx_hal_msp.c ****     /* USER CODE END TIM1_MspInit 1 */
 356:Core/Src/stm32g4xx_hal_msp.c **** 
 357:Core/Src/stm32g4xx_hal_msp.c ****   }
 358:Core/Src/stm32g4xx_hal_msp.c **** 
 359:Core/Src/stm32g4xx_hal_msp.c **** }
 766              		.loc 1 359 1 is_stmt 0 view .LVU207
ARM GAS  /tmp/cczggVXv.s 			page 23


 767 0034 03B0     		add	sp, sp, #12
 768              	.LCFI15:
 769              		.cfi_def_cfa_offset 4
 770              		@ sp needed
 771 0036 5DF804FB 		ldr	pc, [sp], #4
 772              	.L51:
 773 003a 00BF     		.align	2
 774              	.L50:
 775 003c 002C0140 		.word	1073818624
 776              		.cfi_endproc
 777              	.LFE334:
 779              		.section	.text.HAL_TIM_MspPostInit,"ax",%progbits
 780              		.align	1
 781              		.global	HAL_TIM_MspPostInit
 782              		.syntax unified
 783              		.thumb
 784              		.thumb_func
 785              		.fpu fpv4-sp-d16
 787              	HAL_TIM_MspPostInit:
 788              	.LVL46:
 789              	.LFB335:
 360:Core/Src/stm32g4xx_hal_msp.c **** 
 361:Core/Src/stm32g4xx_hal_msp.c **** void HAL_TIM_MspPostInit(TIM_HandleTypeDef* htim)
 362:Core/Src/stm32g4xx_hal_msp.c **** {
 790              		.loc 1 362 1 is_stmt 1 view -0
 791              		.cfi_startproc
 792              		@ args = 0, pretend = 0, frame = 32
 793              		@ frame_needed = 0, uses_anonymous_args = 0
 794              		.loc 1 362 1 is_stmt 0 view .LVU209
 795 0000 F0B5     		push	{r4, r5, r6, r7, lr}
 796              	.LCFI16:
 797              		.cfi_def_cfa_offset 20
 798              		.cfi_offset 4, -20
 799              		.cfi_offset 5, -16
 800              		.cfi_offset 6, -12
 801              		.cfi_offset 7, -8
 802              		.cfi_offset 14, -4
 803 0002 89B0     		sub	sp, sp, #36
 804              	.LCFI17:
 805              		.cfi_def_cfa_offset 56
 363:Core/Src/stm32g4xx_hal_msp.c ****   GPIO_InitTypeDef GPIO_InitStruct = {0};
 806              		.loc 1 363 3 is_stmt 1 view .LVU210
 807              		.loc 1 363 20 is_stmt 0 view .LVU211
 808 0004 0023     		movs	r3, #0
 809 0006 0393     		str	r3, [sp, #12]
 810 0008 0493     		str	r3, [sp, #16]
 811 000a 0593     		str	r3, [sp, #20]
 812 000c 0693     		str	r3, [sp, #24]
 813 000e 0793     		str	r3, [sp, #28]
 364:Core/Src/stm32g4xx_hal_msp.c ****   if(htim->Instance==TIM1)
 814              		.loc 1 364 3 is_stmt 1 view .LVU212
 815              		.loc 1 364 10 is_stmt 0 view .LVU213
 816 0010 0268     		ldr	r2, [r0]
 817              		.loc 1 364 5 view .LVU214
 818 0012 1F4B     		ldr	r3, .L56
 819 0014 9A42     		cmp	r2, r3
 820 0016 01D0     		beq	.L55
ARM GAS  /tmp/cczggVXv.s 			page 24


 821              	.LVL47:
 822              	.L52:
 365:Core/Src/stm32g4xx_hal_msp.c ****   {
 366:Core/Src/stm32g4xx_hal_msp.c ****     /* USER CODE BEGIN TIM1_MspPostInit 0 */
 367:Core/Src/stm32g4xx_hal_msp.c **** 
 368:Core/Src/stm32g4xx_hal_msp.c ****     /* USER CODE END TIM1_MspPostInit 0 */
 369:Core/Src/stm32g4xx_hal_msp.c **** 
 370:Core/Src/stm32g4xx_hal_msp.c ****     __HAL_RCC_GPIOB_CLK_ENABLE();
 371:Core/Src/stm32g4xx_hal_msp.c ****     __HAL_RCC_GPIOA_CLK_ENABLE();
 372:Core/Src/stm32g4xx_hal_msp.c ****     /**TIM1 GPIO Configuration
 373:Core/Src/stm32g4xx_hal_msp.c ****     PB13     ------> TIM1_CH1N
 374:Core/Src/stm32g4xx_hal_msp.c ****     PB14     ------> TIM1_CH2N
 375:Core/Src/stm32g4xx_hal_msp.c ****     PB15     ------> TIM1_CH3N
 376:Core/Src/stm32g4xx_hal_msp.c ****     PA8     ------> TIM1_CH1
 377:Core/Src/stm32g4xx_hal_msp.c ****     PA9     ------> TIM1_CH2
 378:Core/Src/stm32g4xx_hal_msp.c ****     PA10     ------> TIM1_CH3
 379:Core/Src/stm32g4xx_hal_msp.c ****     */
 380:Core/Src/stm32g4xx_hal_msp.c ****     GPIO_InitStruct.Pin = GPIO_PIN_13|GPIO_PIN_14;
 381:Core/Src/stm32g4xx_hal_msp.c ****     GPIO_InitStruct.Mode = GPIO_MODE_AF_PP;
 382:Core/Src/stm32g4xx_hal_msp.c ****     GPIO_InitStruct.Pull = GPIO_NOPULL;
 383:Core/Src/stm32g4xx_hal_msp.c ****     GPIO_InitStruct.Speed = GPIO_SPEED_FREQ_LOW;
 384:Core/Src/stm32g4xx_hal_msp.c ****     GPIO_InitStruct.Alternate = GPIO_AF6_TIM1;
 385:Core/Src/stm32g4xx_hal_msp.c ****     HAL_GPIO_Init(GPIOB, &GPIO_InitStruct);
 386:Core/Src/stm32g4xx_hal_msp.c **** 
 387:Core/Src/stm32g4xx_hal_msp.c ****     GPIO_InitStruct.Pin = GPIO_PIN_15;
 388:Core/Src/stm32g4xx_hal_msp.c ****     GPIO_InitStruct.Mode = GPIO_MODE_AF_PP;
 389:Core/Src/stm32g4xx_hal_msp.c ****     GPIO_InitStruct.Pull = GPIO_NOPULL;
 390:Core/Src/stm32g4xx_hal_msp.c ****     GPIO_InitStruct.Speed = GPIO_SPEED_FREQ_LOW;
 391:Core/Src/stm32g4xx_hal_msp.c ****     GPIO_InitStruct.Alternate = GPIO_AF4_TIM1;
 392:Core/Src/stm32g4xx_hal_msp.c ****     HAL_GPIO_Init(GPIOB, &GPIO_InitStruct);
 393:Core/Src/stm32g4xx_hal_msp.c **** 
 394:Core/Src/stm32g4xx_hal_msp.c ****     GPIO_InitStruct.Pin = GPIO_PIN_8|GPIO_PIN_9|GPIO_PIN_10;
 395:Core/Src/stm32g4xx_hal_msp.c ****     GPIO_InitStruct.Mode = GPIO_MODE_AF_PP;
 396:Core/Src/stm32g4xx_hal_msp.c ****     GPIO_InitStruct.Pull = GPIO_NOPULL;
 397:Core/Src/stm32g4xx_hal_msp.c ****     GPIO_InitStruct.Speed = GPIO_SPEED_FREQ_LOW;
 398:Core/Src/stm32g4xx_hal_msp.c ****     GPIO_InitStruct.Alternate = GPIO_AF6_TIM1;
 399:Core/Src/stm32g4xx_hal_msp.c ****     HAL_GPIO_Init(GPIOA, &GPIO_InitStruct);
 400:Core/Src/stm32g4xx_hal_msp.c **** 
 401:Core/Src/stm32g4xx_hal_msp.c ****     /* USER CODE BEGIN TIM1_MspPostInit 1 */
 402:Core/Src/stm32g4xx_hal_msp.c **** 
 403:Core/Src/stm32g4xx_hal_msp.c ****     /* USER CODE END TIM1_MspPostInit 1 */
 404:Core/Src/stm32g4xx_hal_msp.c ****   }
 405:Core/Src/stm32g4xx_hal_msp.c **** 
 406:Core/Src/stm32g4xx_hal_msp.c **** }
 823              		.loc 1 406 1 view .LVU215
 824 0018 09B0     		add	sp, sp, #36
 825              	.LCFI18:
 826              		.cfi_remember_state
 827              		.cfi_def_cfa_offset 20
 828              		@ sp needed
 829 001a F0BD     		pop	{r4, r5, r6, r7, pc}
 830              	.LVL48:
 831              	.L55:
 832              	.LCFI19:
 833              		.cfi_restore_state
 370:Core/Src/stm32g4xx_hal_msp.c ****     __HAL_RCC_GPIOA_CLK_ENABLE();
 834              		.loc 1 370 5 is_stmt 1 view .LVU216
ARM GAS  /tmp/cczggVXv.s 			page 25


 835              	.LBB13:
 370:Core/Src/stm32g4xx_hal_msp.c ****     __HAL_RCC_GPIOA_CLK_ENABLE();
 836              		.loc 1 370 5 view .LVU217
 370:Core/Src/stm32g4xx_hal_msp.c ****     __HAL_RCC_GPIOA_CLK_ENABLE();
 837              		.loc 1 370 5 view .LVU218
 838 001c 03F56443 		add	r3, r3, #58368
 839 0020 DA6C     		ldr	r2, [r3, #76]
 840 0022 42F00202 		orr	r2, r2, #2
 841 0026 DA64     		str	r2, [r3, #76]
 370:Core/Src/stm32g4xx_hal_msp.c ****     __HAL_RCC_GPIOA_CLK_ENABLE();
 842              		.loc 1 370 5 view .LVU219
 843 0028 DA6C     		ldr	r2, [r3, #76]
 844 002a 02F00202 		and	r2, r2, #2
 845 002e 0192     		str	r2, [sp, #4]
 370:Core/Src/stm32g4xx_hal_msp.c ****     __HAL_RCC_GPIOA_CLK_ENABLE();
 846              		.loc 1 370 5 view .LVU220
 847 0030 019A     		ldr	r2, [sp, #4]
 848              	.LBE13:
 370:Core/Src/stm32g4xx_hal_msp.c ****     __HAL_RCC_GPIOA_CLK_ENABLE();
 849              		.loc 1 370 5 view .LVU221
 371:Core/Src/stm32g4xx_hal_msp.c ****     /**TIM1 GPIO Configuration
 850              		.loc 1 371 5 view .LVU222
 851              	.LBB14:
 371:Core/Src/stm32g4xx_hal_msp.c ****     /**TIM1 GPIO Configuration
 852              		.loc 1 371 5 view .LVU223
 371:Core/Src/stm32g4xx_hal_msp.c ****     /**TIM1 GPIO Configuration
 853              		.loc 1 371 5 view .LVU224
 854 0032 DA6C     		ldr	r2, [r3, #76]
 855 0034 42F00102 		orr	r2, r2, #1
 856 0038 DA64     		str	r2, [r3, #76]
 371:Core/Src/stm32g4xx_hal_msp.c ****     /**TIM1 GPIO Configuration
 857              		.loc 1 371 5 view .LVU225
 858 003a DB6C     		ldr	r3, [r3, #76]
 859 003c 03F00103 		and	r3, r3, #1
 860 0040 0293     		str	r3, [sp, #8]
 371:Core/Src/stm32g4xx_hal_msp.c ****     /**TIM1 GPIO Configuration
 861              		.loc 1 371 5 view .LVU226
 862 0042 029B     		ldr	r3, [sp, #8]
 863              	.LBE14:
 371:Core/Src/stm32g4xx_hal_msp.c ****     /**TIM1 GPIO Configuration
 864              		.loc 1 371 5 view .LVU227
 380:Core/Src/stm32g4xx_hal_msp.c ****     GPIO_InitStruct.Mode = GPIO_MODE_AF_PP;
 865              		.loc 1 380 5 view .LVU228
 380:Core/Src/stm32g4xx_hal_msp.c ****     GPIO_InitStruct.Mode = GPIO_MODE_AF_PP;
 866              		.loc 1 380 25 is_stmt 0 view .LVU229
 867 0044 4FF4C043 		mov	r3, #24576
 868 0048 0393     		str	r3, [sp, #12]
 381:Core/Src/stm32g4xx_hal_msp.c ****     GPIO_InitStruct.Pull = GPIO_NOPULL;
 869              		.loc 1 381 5 is_stmt 1 view .LVU230
 381:Core/Src/stm32g4xx_hal_msp.c ****     GPIO_InitStruct.Pull = GPIO_NOPULL;
 870              		.loc 1 381 26 is_stmt 0 view .LVU231
 871 004a 0225     		movs	r5, #2
 872 004c 0495     		str	r5, [sp, #16]
 382:Core/Src/stm32g4xx_hal_msp.c ****     GPIO_InitStruct.Speed = GPIO_SPEED_FREQ_LOW;
 873              		.loc 1 382 5 is_stmt 1 view .LVU232
 383:Core/Src/stm32g4xx_hal_msp.c ****     GPIO_InitStruct.Alternate = GPIO_AF6_TIM1;
 874              		.loc 1 383 5 view .LVU233
ARM GAS  /tmp/cczggVXv.s 			page 26


 384:Core/Src/stm32g4xx_hal_msp.c ****     HAL_GPIO_Init(GPIOB, &GPIO_InitStruct);
 875              		.loc 1 384 5 view .LVU234
 384:Core/Src/stm32g4xx_hal_msp.c ****     HAL_GPIO_Init(GPIOB, &GPIO_InitStruct);
 876              		.loc 1 384 31 is_stmt 0 view .LVU235
 877 004e 0626     		movs	r6, #6
 878 0050 0796     		str	r6, [sp, #28]
 385:Core/Src/stm32g4xx_hal_msp.c **** 
 879              		.loc 1 385 5 is_stmt 1 view .LVU236
 880 0052 104F     		ldr	r7, .L56+4
 881 0054 03A9     		add	r1, sp, #12
 882 0056 3846     		mov	r0, r7
 883              	.LVL49:
 385:Core/Src/stm32g4xx_hal_msp.c **** 
 884              		.loc 1 385 5 is_stmt 0 view .LVU237
 885 0058 FFF7FEFF 		bl	HAL_GPIO_Init
 886              	.LVL50:
 387:Core/Src/stm32g4xx_hal_msp.c ****     GPIO_InitStruct.Mode = GPIO_MODE_AF_PP;
 887              		.loc 1 387 5 is_stmt 1 view .LVU238
 387:Core/Src/stm32g4xx_hal_msp.c ****     GPIO_InitStruct.Mode = GPIO_MODE_AF_PP;
 888              		.loc 1 387 25 is_stmt 0 view .LVU239
 889 005c 4FF40043 		mov	r3, #32768
 890 0060 0393     		str	r3, [sp, #12]
 388:Core/Src/stm32g4xx_hal_msp.c ****     GPIO_InitStruct.Pull = GPIO_NOPULL;
 891              		.loc 1 388 5 is_stmt 1 view .LVU240
 388:Core/Src/stm32g4xx_hal_msp.c ****     GPIO_InitStruct.Pull = GPIO_NOPULL;
 892              		.loc 1 388 26 is_stmt 0 view .LVU241
 893 0062 0495     		str	r5, [sp, #16]
 389:Core/Src/stm32g4xx_hal_msp.c ****     GPIO_InitStruct.Speed = GPIO_SPEED_FREQ_LOW;
 894              		.loc 1 389 5 is_stmt 1 view .LVU242
 389:Core/Src/stm32g4xx_hal_msp.c ****     GPIO_InitStruct.Speed = GPIO_SPEED_FREQ_LOW;
 895              		.loc 1 389 26 is_stmt 0 view .LVU243
 896 0064 0024     		movs	r4, #0
 897 0066 0594     		str	r4, [sp, #20]
 390:Core/Src/stm32g4xx_hal_msp.c ****     GPIO_InitStruct.Alternate = GPIO_AF4_TIM1;
 898              		.loc 1 390 5 is_stmt 1 view .LVU244
 390:Core/Src/stm32g4xx_hal_msp.c ****     GPIO_InitStruct.Alternate = GPIO_AF4_TIM1;
 899              		.loc 1 390 27 is_stmt 0 view .LVU245
 900 0068 0694     		str	r4, [sp, #24]
 391:Core/Src/stm32g4xx_hal_msp.c ****     HAL_GPIO_Init(GPIOB, &GPIO_InitStruct);
 901              		.loc 1 391 5 is_stmt 1 view .LVU246
 391:Core/Src/stm32g4xx_hal_msp.c ****     HAL_GPIO_Init(GPIOB, &GPIO_InitStruct);
 902              		.loc 1 391 31 is_stmt 0 view .LVU247
 903 006a 0423     		movs	r3, #4
 904 006c 0793     		str	r3, [sp, #28]
 392:Core/Src/stm32g4xx_hal_msp.c **** 
 905              		.loc 1 392 5 is_stmt 1 view .LVU248
 906 006e 03A9     		add	r1, sp, #12
 907 0070 3846     		mov	r0, r7
 908 0072 FFF7FEFF 		bl	HAL_GPIO_Init
 909              	.LVL51:
 394:Core/Src/stm32g4xx_hal_msp.c ****     GPIO_InitStruct.Mode = GPIO_MODE_AF_PP;
 910              		.loc 1 394 5 view .LVU249
 394:Core/Src/stm32g4xx_hal_msp.c ****     GPIO_InitStruct.Mode = GPIO_MODE_AF_PP;
 911              		.loc 1 394 25 is_stmt 0 view .LVU250
 912 0076 4FF4E063 		mov	r3, #1792
 913 007a 0393     		str	r3, [sp, #12]
 395:Core/Src/stm32g4xx_hal_msp.c ****     GPIO_InitStruct.Pull = GPIO_NOPULL;
ARM GAS  /tmp/cczggVXv.s 			page 27


 914              		.loc 1 395 5 is_stmt 1 view .LVU251
 395:Core/Src/stm32g4xx_hal_msp.c ****     GPIO_InitStruct.Pull = GPIO_NOPULL;
 915              		.loc 1 395 26 is_stmt 0 view .LVU252
 916 007c 0495     		str	r5, [sp, #16]
 396:Core/Src/stm32g4xx_hal_msp.c ****     GPIO_InitStruct.Speed = GPIO_SPEED_FREQ_LOW;
 917              		.loc 1 396 5 is_stmt 1 view .LVU253
 396:Core/Src/stm32g4xx_hal_msp.c ****     GPIO_InitStruct.Speed = GPIO_SPEED_FREQ_LOW;
 918              		.loc 1 396 26 is_stmt 0 view .LVU254
 919 007e 0594     		str	r4, [sp, #20]
 397:Core/Src/stm32g4xx_hal_msp.c ****     GPIO_InitStruct.Alternate = GPIO_AF6_TIM1;
 920              		.loc 1 397 5 is_stmt 1 view .LVU255
 397:Core/Src/stm32g4xx_hal_msp.c ****     GPIO_InitStruct.Alternate = GPIO_AF6_TIM1;
 921              		.loc 1 397 27 is_stmt 0 view .LVU256
 922 0080 0694     		str	r4, [sp, #24]
 398:Core/Src/stm32g4xx_hal_msp.c ****     HAL_GPIO_Init(GPIOA, &GPIO_InitStruct);
 923              		.loc 1 398 5 is_stmt 1 view .LVU257
 398:Core/Src/stm32g4xx_hal_msp.c ****     HAL_GPIO_Init(GPIOA, &GPIO_InitStruct);
 924              		.loc 1 398 31 is_stmt 0 view .LVU258
 925 0082 0796     		str	r6, [sp, #28]
 399:Core/Src/stm32g4xx_hal_msp.c **** 
 926              		.loc 1 399 5 is_stmt 1 view .LVU259
 927 0084 03A9     		add	r1, sp, #12
 928 0086 4FF09040 		mov	r0, #1207959552
 929 008a FFF7FEFF 		bl	HAL_GPIO_Init
 930              	.LVL52:
 931              		.loc 1 406 1 is_stmt 0 view .LVU260
 932 008e C3E7     		b	.L52
 933              	.L57:
 934              		.align	2
 935              	.L56:
 936 0090 002C0140 		.word	1073818624
 937 0094 00040048 		.word	1207960576
 938              		.cfi_endproc
 939              	.LFE335:
 941              		.section	.text.HAL_TIM_PWM_MspDeInit,"ax",%progbits
 942              		.align	1
 943              		.global	HAL_TIM_PWM_MspDeInit
 944              		.syntax unified
 945              		.thumb
 946              		.thumb_func
 947              		.fpu fpv4-sp-d16
 949              	HAL_TIM_PWM_MspDeInit:
 950              	.LVL53:
 951              	.LFB336:
 407:Core/Src/stm32g4xx_hal_msp.c **** /**
 408:Core/Src/stm32g4xx_hal_msp.c ****   * @brief TIM_PWM MSP De-Initialization
 409:Core/Src/stm32g4xx_hal_msp.c ****   * This function freeze the hardware resources used in this example
 410:Core/Src/stm32g4xx_hal_msp.c ****   * @param htim_pwm: TIM_PWM handle pointer
 411:Core/Src/stm32g4xx_hal_msp.c ****   * @retval None
 412:Core/Src/stm32g4xx_hal_msp.c ****   */
 413:Core/Src/stm32g4xx_hal_msp.c **** void HAL_TIM_PWM_MspDeInit(TIM_HandleTypeDef* htim_pwm)
 414:Core/Src/stm32g4xx_hal_msp.c **** {
 952              		.loc 1 414 1 is_stmt 1 view -0
 953              		.cfi_startproc
 954              		@ args = 0, pretend = 0, frame = 0
 955              		@ frame_needed = 0, uses_anonymous_args = 0
 956              		@ link register save eliminated.
ARM GAS  /tmp/cczggVXv.s 			page 28


 415:Core/Src/stm32g4xx_hal_msp.c ****   if(htim_pwm->Instance==TIM1)
 957              		.loc 1 415 3 view .LVU262
 958              		.loc 1 415 14 is_stmt 0 view .LVU263
 959 0000 0268     		ldr	r2, [r0]
 960              		.loc 1 415 5 view .LVU264
 961 0002 054B     		ldr	r3, .L61
 962 0004 9A42     		cmp	r2, r3
 963 0006 00D0     		beq	.L60
 964              	.L58:
 416:Core/Src/stm32g4xx_hal_msp.c ****   {
 417:Core/Src/stm32g4xx_hal_msp.c ****     /* USER CODE BEGIN TIM1_MspDeInit 0 */
 418:Core/Src/stm32g4xx_hal_msp.c **** 
 419:Core/Src/stm32g4xx_hal_msp.c ****     /* USER CODE END TIM1_MspDeInit 0 */
 420:Core/Src/stm32g4xx_hal_msp.c ****     /* Peripheral clock disable */
 421:Core/Src/stm32g4xx_hal_msp.c ****     __HAL_RCC_TIM1_CLK_DISABLE();
 422:Core/Src/stm32g4xx_hal_msp.c ****     /* USER CODE BEGIN TIM1_MspDeInit 1 */
 423:Core/Src/stm32g4xx_hal_msp.c **** 
 424:Core/Src/stm32g4xx_hal_msp.c ****     /* USER CODE END TIM1_MspDeInit 1 */
 425:Core/Src/stm32g4xx_hal_msp.c ****   }
 426:Core/Src/stm32g4xx_hal_msp.c **** 
 427:Core/Src/stm32g4xx_hal_msp.c **** }
 965              		.loc 1 427 1 view .LVU265
 966 0008 7047     		bx	lr
 967              	.L60:
 421:Core/Src/stm32g4xx_hal_msp.c ****     /* USER CODE BEGIN TIM1_MspDeInit 1 */
 968              		.loc 1 421 5 is_stmt 1 view .LVU266
 969 000a 044A     		ldr	r2, .L61+4
 970 000c 136E     		ldr	r3, [r2, #96]
 971 000e 23F40063 		bic	r3, r3, #2048
 972 0012 1366     		str	r3, [r2, #96]
 973              		.loc 1 427 1 is_stmt 0 view .LVU267
 974 0014 F8E7     		b	.L58
 975              	.L62:
 976 0016 00BF     		.align	2
 977              	.L61:
 978 0018 002C0140 		.word	1073818624
 979 001c 00100240 		.word	1073876992
 980              		.cfi_endproc
 981              	.LFE336:
 983              		.section	.text.HAL_UART_MspInit,"ax",%progbits
 984              		.align	1
 985              		.global	HAL_UART_MspInit
 986              		.syntax unified
 987              		.thumb
 988              		.thumb_func
 989              		.fpu fpv4-sp-d16
 991              	HAL_UART_MspInit:
 992              	.LVL54:
 993              	.LFB337:
 428:Core/Src/stm32g4xx_hal_msp.c **** 
 429:Core/Src/stm32g4xx_hal_msp.c **** /**
 430:Core/Src/stm32g4xx_hal_msp.c ****   * @brief UART MSP Initialization
 431:Core/Src/stm32g4xx_hal_msp.c ****   * This function configures the hardware resources used in this example
 432:Core/Src/stm32g4xx_hal_msp.c ****   * @param huart: UART handle pointer
 433:Core/Src/stm32g4xx_hal_msp.c ****   * @retval None
 434:Core/Src/stm32g4xx_hal_msp.c ****   */
 435:Core/Src/stm32g4xx_hal_msp.c **** void HAL_UART_MspInit(UART_HandleTypeDef* huart)
ARM GAS  /tmp/cczggVXv.s 			page 29


 436:Core/Src/stm32g4xx_hal_msp.c **** {
 994              		.loc 1 436 1 is_stmt 1 view -0
 995              		.cfi_startproc
 996              		@ args = 0, pretend = 0, frame = 112
 997              		@ frame_needed = 0, uses_anonymous_args = 0
 998              		.loc 1 436 1 is_stmt 0 view .LVU269
 999 0000 10B5     		push	{r4, lr}
 1000              	.LCFI20:
 1001              		.cfi_def_cfa_offset 8
 1002              		.cfi_offset 4, -8
 1003              		.cfi_offset 14, -4
 1004 0002 9CB0     		sub	sp, sp, #112
 1005              	.LCFI21:
 1006              		.cfi_def_cfa_offset 120
 1007 0004 0446     		mov	r4, r0
 437:Core/Src/stm32g4xx_hal_msp.c ****   GPIO_InitTypeDef GPIO_InitStruct = {0};
 1008              		.loc 1 437 3 is_stmt 1 view .LVU270
 1009              		.loc 1 437 20 is_stmt 0 view .LVU271
 1010 0006 0021     		movs	r1, #0
 1011 0008 1791     		str	r1, [sp, #92]
 1012 000a 1891     		str	r1, [sp, #96]
 1013 000c 1991     		str	r1, [sp, #100]
 1014 000e 1A91     		str	r1, [sp, #104]
 1015 0010 1B91     		str	r1, [sp, #108]
 438:Core/Src/stm32g4xx_hal_msp.c ****   RCC_PeriphCLKInitTypeDef PeriphClkInit = {0};
 1016              		.loc 1 438 3 is_stmt 1 view .LVU272
 1017              		.loc 1 438 28 is_stmt 0 view .LVU273
 1018 0012 5422     		movs	r2, #84
 1019 0014 02A8     		add	r0, sp, #8
 1020              	.LVL55:
 1021              		.loc 1 438 28 view .LVU274
 1022 0016 FFF7FEFF 		bl	memset
 1023              	.LVL56:
 439:Core/Src/stm32g4xx_hal_msp.c ****   if(huart->Instance==USART2)
 1024              		.loc 1 439 3 is_stmt 1 view .LVU275
 1025              		.loc 1 439 11 is_stmt 0 view .LVU276
 1026 001a 2268     		ldr	r2, [r4]
 1027              		.loc 1 439 5 view .LVU277
 1028 001c 1B4B     		ldr	r3, .L69
 1029 001e 9A42     		cmp	r2, r3
 1030 0020 01D0     		beq	.L67
 1031              	.LVL57:
 1032              	.L63:
 440:Core/Src/stm32g4xx_hal_msp.c ****   {
 441:Core/Src/stm32g4xx_hal_msp.c ****     /* USER CODE BEGIN USART2_MspInit 0 */
 442:Core/Src/stm32g4xx_hal_msp.c **** 
 443:Core/Src/stm32g4xx_hal_msp.c ****     /* USER CODE END USART2_MspInit 0 */
 444:Core/Src/stm32g4xx_hal_msp.c **** 
 445:Core/Src/stm32g4xx_hal_msp.c ****   /** Initializes the peripherals clocks
 446:Core/Src/stm32g4xx_hal_msp.c ****   */
 447:Core/Src/stm32g4xx_hal_msp.c ****     PeriphClkInit.PeriphClockSelection = RCC_PERIPHCLK_USART2;
 448:Core/Src/stm32g4xx_hal_msp.c ****     PeriphClkInit.Usart2ClockSelection = RCC_USART2CLKSOURCE_PCLK1;
 449:Core/Src/stm32g4xx_hal_msp.c ****     if (HAL_RCCEx_PeriphCLKConfig(&PeriphClkInit) != HAL_OK)
 450:Core/Src/stm32g4xx_hal_msp.c ****     {
 451:Core/Src/stm32g4xx_hal_msp.c ****       Error_Handler();
 452:Core/Src/stm32g4xx_hal_msp.c ****     }
 453:Core/Src/stm32g4xx_hal_msp.c **** 
ARM GAS  /tmp/cczggVXv.s 			page 30


 454:Core/Src/stm32g4xx_hal_msp.c ****     /* Peripheral clock enable */
 455:Core/Src/stm32g4xx_hal_msp.c ****     __HAL_RCC_USART2_CLK_ENABLE();
 456:Core/Src/stm32g4xx_hal_msp.c **** 
 457:Core/Src/stm32g4xx_hal_msp.c ****     __HAL_RCC_GPIOA_CLK_ENABLE();
 458:Core/Src/stm32g4xx_hal_msp.c ****     /**USART2 GPIO Configuration
 459:Core/Src/stm32g4xx_hal_msp.c ****     PA1     ------> USART2_DE
 460:Core/Src/stm32g4xx_hal_msp.c ****     PA2     ------> USART2_TX
 461:Core/Src/stm32g4xx_hal_msp.c ****     PA3     ------> USART2_RX
 462:Core/Src/stm32g4xx_hal_msp.c ****     */
 463:Core/Src/stm32g4xx_hal_msp.c ****     GPIO_InitStruct.Pin = GPIO_PIN_1|GPIO_PIN_2|GPIO_PIN_3;
 464:Core/Src/stm32g4xx_hal_msp.c ****     GPIO_InitStruct.Mode = GPIO_MODE_AF_PP;
 465:Core/Src/stm32g4xx_hal_msp.c ****     GPIO_InitStruct.Pull = GPIO_NOPULL;
 466:Core/Src/stm32g4xx_hal_msp.c ****     GPIO_InitStruct.Speed = GPIO_SPEED_FREQ_LOW;
 467:Core/Src/stm32g4xx_hal_msp.c ****     GPIO_InitStruct.Alternate = GPIO_AF7_USART2;
 468:Core/Src/stm32g4xx_hal_msp.c ****     HAL_GPIO_Init(GPIOA, &GPIO_InitStruct);
 469:Core/Src/stm32g4xx_hal_msp.c **** 
 470:Core/Src/stm32g4xx_hal_msp.c ****     /* USER CODE BEGIN USART2_MspInit 1 */
 471:Core/Src/stm32g4xx_hal_msp.c ****     HAL_NVIC_SetPriority(USART2_IRQn, 6, 0);
 472:Core/Src/stm32g4xx_hal_msp.c ****     HAL_NVIC_EnableIRQ(USART2_IRQn);
 473:Core/Src/stm32g4xx_hal_msp.c ****     /* USER CODE END USART2_MspInit 1 */
 474:Core/Src/stm32g4xx_hal_msp.c **** 
 475:Core/Src/stm32g4xx_hal_msp.c ****   }
 476:Core/Src/stm32g4xx_hal_msp.c **** 
 477:Core/Src/stm32g4xx_hal_msp.c **** }
 1033              		.loc 1 477 1 view .LVU278
 1034 0022 1CB0     		add	sp, sp, #112
 1035              	.LCFI22:
 1036              		.cfi_remember_state
 1037              		.cfi_def_cfa_offset 8
 1038              		@ sp needed
 1039 0024 10BD     		pop	{r4, pc}
 1040              	.LVL58:
 1041              	.L67:
 1042              	.LCFI23:
 1043              		.cfi_restore_state
 447:Core/Src/stm32g4xx_hal_msp.c ****     PeriphClkInit.Usart2ClockSelection = RCC_USART2CLKSOURCE_PCLK1;
 1044              		.loc 1 447 5 is_stmt 1 view .LVU279
 447:Core/Src/stm32g4xx_hal_msp.c ****     PeriphClkInit.Usart2ClockSelection = RCC_USART2CLKSOURCE_PCLK1;
 1045              		.loc 1 447 40 is_stmt 0 view .LVU280
 1046 0026 0223     		movs	r3, #2
 1047 0028 0293     		str	r3, [sp, #8]
 448:Core/Src/stm32g4xx_hal_msp.c ****     if (HAL_RCCEx_PeriphCLKConfig(&PeriphClkInit) != HAL_OK)
 1048              		.loc 1 448 5 is_stmt 1 view .LVU281
 449:Core/Src/stm32g4xx_hal_msp.c ****     {
 1049              		.loc 1 449 5 view .LVU282
 449:Core/Src/stm32g4xx_hal_msp.c ****     {
 1050              		.loc 1 449 9 is_stmt 0 view .LVU283
 1051 002a 02A8     		add	r0, sp, #8
 1052 002c FFF7FEFF 		bl	HAL_RCCEx_PeriphCLKConfig
 1053              	.LVL59:
 449:Core/Src/stm32g4xx_hal_msp.c ****     {
 1054              		.loc 1 449 8 view .LVU284
 1055 0030 48BB     		cbnz	r0, .L68
 1056              	.L65:
 455:Core/Src/stm32g4xx_hal_msp.c **** 
 1057              		.loc 1 455 5 is_stmt 1 view .LVU285
 1058              	.LBB15:
ARM GAS  /tmp/cczggVXv.s 			page 31


 455:Core/Src/stm32g4xx_hal_msp.c **** 
 1059              		.loc 1 455 5 view .LVU286
 455:Core/Src/stm32g4xx_hal_msp.c **** 
 1060              		.loc 1 455 5 view .LVU287
 1061 0032 174B     		ldr	r3, .L69+4
 1062 0034 9A6D     		ldr	r2, [r3, #88]
 1063 0036 42F40032 		orr	r2, r2, #131072
 1064 003a 9A65     		str	r2, [r3, #88]
 455:Core/Src/stm32g4xx_hal_msp.c **** 
 1065              		.loc 1 455 5 view .LVU288
 1066 003c 9A6D     		ldr	r2, [r3, #88]
 1067 003e 02F40032 		and	r2, r2, #131072
 1068 0042 0092     		str	r2, [sp]
 455:Core/Src/stm32g4xx_hal_msp.c **** 
 1069              		.loc 1 455 5 view .LVU289
 1070 0044 009A     		ldr	r2, [sp]
 1071              	.LBE15:
 455:Core/Src/stm32g4xx_hal_msp.c **** 
 1072              		.loc 1 455 5 view .LVU290
 457:Core/Src/stm32g4xx_hal_msp.c ****     /**USART2 GPIO Configuration
 1073              		.loc 1 457 5 view .LVU291
 1074              	.LBB16:
 457:Core/Src/stm32g4xx_hal_msp.c ****     /**USART2 GPIO Configuration
 1075              		.loc 1 457 5 view .LVU292
 457:Core/Src/stm32g4xx_hal_msp.c ****     /**USART2 GPIO Configuration
 1076              		.loc 1 457 5 view .LVU293
 1077 0046 DA6C     		ldr	r2, [r3, #76]
 1078 0048 42F00102 		orr	r2, r2, #1
 1079 004c DA64     		str	r2, [r3, #76]
 457:Core/Src/stm32g4xx_hal_msp.c ****     /**USART2 GPIO Configuration
 1080              		.loc 1 457 5 view .LVU294
 1081 004e DB6C     		ldr	r3, [r3, #76]
 1082 0050 03F00103 		and	r3, r3, #1
 1083 0054 0193     		str	r3, [sp, #4]
 457:Core/Src/stm32g4xx_hal_msp.c ****     /**USART2 GPIO Configuration
 1084              		.loc 1 457 5 view .LVU295
 1085 0056 019B     		ldr	r3, [sp, #4]
 1086              	.LBE16:
 457:Core/Src/stm32g4xx_hal_msp.c ****     /**USART2 GPIO Configuration
 1087              		.loc 1 457 5 view .LVU296
 463:Core/Src/stm32g4xx_hal_msp.c ****     GPIO_InitStruct.Mode = GPIO_MODE_AF_PP;
 1088              		.loc 1 463 5 view .LVU297
 463:Core/Src/stm32g4xx_hal_msp.c ****     GPIO_InitStruct.Mode = GPIO_MODE_AF_PP;
 1089              		.loc 1 463 25 is_stmt 0 view .LVU298
 1090 0058 0E23     		movs	r3, #14
 1091 005a 1793     		str	r3, [sp, #92]
 464:Core/Src/stm32g4xx_hal_msp.c ****     GPIO_InitStruct.Pull = GPIO_NOPULL;
 1092              		.loc 1 464 5 is_stmt 1 view .LVU299
 464:Core/Src/stm32g4xx_hal_msp.c ****     GPIO_InitStruct.Pull = GPIO_NOPULL;
 1093              		.loc 1 464 26 is_stmt 0 view .LVU300
 1094 005c 0223     		movs	r3, #2
 1095 005e 1893     		str	r3, [sp, #96]
 465:Core/Src/stm32g4xx_hal_msp.c ****     GPIO_InitStruct.Speed = GPIO_SPEED_FREQ_LOW;
 1096              		.loc 1 465 5 is_stmt 1 view .LVU301
 465:Core/Src/stm32g4xx_hal_msp.c ****     GPIO_InitStruct.Speed = GPIO_SPEED_FREQ_LOW;
 1097              		.loc 1 465 26 is_stmt 0 view .LVU302
 1098 0060 0024     		movs	r4, #0
ARM GAS  /tmp/cczggVXv.s 			page 32


 1099              	.LVL60:
 465:Core/Src/stm32g4xx_hal_msp.c ****     GPIO_InitStruct.Speed = GPIO_SPEED_FREQ_LOW;
 1100              		.loc 1 465 26 view .LVU303
 1101 0062 1994     		str	r4, [sp, #100]
 466:Core/Src/stm32g4xx_hal_msp.c ****     GPIO_InitStruct.Alternate = GPIO_AF7_USART2;
 1102              		.loc 1 466 5 is_stmt 1 view .LVU304
 466:Core/Src/stm32g4xx_hal_msp.c ****     GPIO_InitStruct.Alternate = GPIO_AF7_USART2;
 1103              		.loc 1 466 27 is_stmt 0 view .LVU305
 1104 0064 1A94     		str	r4, [sp, #104]
 467:Core/Src/stm32g4xx_hal_msp.c ****     HAL_GPIO_Init(GPIOA, &GPIO_InitStruct);
 1105              		.loc 1 467 5 is_stmt 1 view .LVU306
 467:Core/Src/stm32g4xx_hal_msp.c ****     HAL_GPIO_Init(GPIOA, &GPIO_InitStruct);
 1106              		.loc 1 467 31 is_stmt 0 view .LVU307
 1107 0066 0723     		movs	r3, #7
 1108 0068 1B93     		str	r3, [sp, #108]
 468:Core/Src/stm32g4xx_hal_msp.c **** 
 1109              		.loc 1 468 5 is_stmt 1 view .LVU308
 1110 006a 17A9     		add	r1, sp, #92
 1111 006c 4FF09040 		mov	r0, #1207959552
 1112 0070 FFF7FEFF 		bl	HAL_GPIO_Init
 1113              	.LVL61:
 471:Core/Src/stm32g4xx_hal_msp.c ****     HAL_NVIC_EnableIRQ(USART2_IRQn);
 1114              		.loc 1 471 5 view .LVU309
 1115 0074 2246     		mov	r2, r4
 1116 0076 0621     		movs	r1, #6
 1117 0078 2620     		movs	r0, #38
 1118 007a FFF7FEFF 		bl	HAL_NVIC_SetPriority
 1119              	.LVL62:
 472:Core/Src/stm32g4xx_hal_msp.c ****     /* USER CODE END USART2_MspInit 1 */
 1120              		.loc 1 472 5 view .LVU310
 1121 007e 2620     		movs	r0, #38
 1122 0080 FFF7FEFF 		bl	HAL_NVIC_EnableIRQ
 1123              	.LVL63:
 1124              		.loc 1 477 1 is_stmt 0 view .LVU311
 1125 0084 CDE7     		b	.L63
 1126              	.LVL64:
 1127              	.L68:
 451:Core/Src/stm32g4xx_hal_msp.c ****     }
 1128              		.loc 1 451 7 is_stmt 1 view .LVU312
 1129 0086 FFF7FEFF 		bl	Error_Handler
 1130              	.LVL65:
 1131 008a D2E7     		b	.L65
 1132              	.L70:
 1133              		.align	2
 1134              	.L69:
 1135 008c 00440040 		.word	1073759232
 1136 0090 00100240 		.word	1073876992
 1137              		.cfi_endproc
 1138              	.LFE337:
 1140              		.section	.text.HAL_UART_MspDeInit,"ax",%progbits
 1141              		.align	1
 1142              		.global	HAL_UART_MspDeInit
 1143              		.syntax unified
 1144              		.thumb
 1145              		.thumb_func
 1146              		.fpu fpv4-sp-d16
 1148              	HAL_UART_MspDeInit:
ARM GAS  /tmp/cczggVXv.s 			page 33


 1149              	.LVL66:
 1150              	.LFB338:
 478:Core/Src/stm32g4xx_hal_msp.c **** 
 479:Core/Src/stm32g4xx_hal_msp.c **** /**
 480:Core/Src/stm32g4xx_hal_msp.c ****   * @brief UART MSP De-Initialization
 481:Core/Src/stm32g4xx_hal_msp.c ****   * This function freeze the hardware resources used in this example
 482:Core/Src/stm32g4xx_hal_msp.c ****   * @param huart: UART handle pointer
 483:Core/Src/stm32g4xx_hal_msp.c ****   * @retval None
 484:Core/Src/stm32g4xx_hal_msp.c ****   */
 485:Core/Src/stm32g4xx_hal_msp.c **** void HAL_UART_MspDeInit(UART_HandleTypeDef* huart)
 486:Core/Src/stm32g4xx_hal_msp.c **** {
 1151              		.loc 1 486 1 view -0
 1152              		.cfi_startproc
 1153              		@ args = 0, pretend = 0, frame = 0
 1154              		@ frame_needed = 0, uses_anonymous_args = 0
 1155              		.loc 1 486 1 is_stmt 0 view .LVU314
 1156 0000 08B5     		push	{r3, lr}
 1157              	.LCFI24:
 1158              		.cfi_def_cfa_offset 8
 1159              		.cfi_offset 3, -8
 1160              		.cfi_offset 14, -4
 487:Core/Src/stm32g4xx_hal_msp.c ****   if(huart->Instance==USART2)
 1161              		.loc 1 487 3 is_stmt 1 view .LVU315
 1162              		.loc 1 487 11 is_stmt 0 view .LVU316
 1163 0002 0268     		ldr	r2, [r0]
 1164              		.loc 1 487 5 view .LVU317
 1165 0004 074B     		ldr	r3, .L75
 1166 0006 9A42     		cmp	r2, r3
 1167 0008 00D0     		beq	.L74
 1168              	.LVL67:
 1169              	.L71:
 488:Core/Src/stm32g4xx_hal_msp.c ****   {
 489:Core/Src/stm32g4xx_hal_msp.c ****     /* USER CODE BEGIN USART2_MspDeInit 0 */
 490:Core/Src/stm32g4xx_hal_msp.c **** 
 491:Core/Src/stm32g4xx_hal_msp.c ****     /* USER CODE END USART2_MspDeInit 0 */
 492:Core/Src/stm32g4xx_hal_msp.c ****     /* Peripheral clock disable */
 493:Core/Src/stm32g4xx_hal_msp.c ****     __HAL_RCC_USART2_CLK_DISABLE();
 494:Core/Src/stm32g4xx_hal_msp.c **** 
 495:Core/Src/stm32g4xx_hal_msp.c ****     /**USART2 GPIO Configuration
 496:Core/Src/stm32g4xx_hal_msp.c ****     PA1     ------> USART2_DE
 497:Core/Src/stm32g4xx_hal_msp.c ****     PA2     ------> USART2_TX
 498:Core/Src/stm32g4xx_hal_msp.c ****     PA3     ------> USART2_RX
 499:Core/Src/stm32g4xx_hal_msp.c ****     */
 500:Core/Src/stm32g4xx_hal_msp.c ****     HAL_GPIO_DeInit(GPIOA, GPIO_PIN_1|GPIO_PIN_2|GPIO_PIN_3);
 501:Core/Src/stm32g4xx_hal_msp.c **** 
 502:Core/Src/stm32g4xx_hal_msp.c ****     /* USER CODE BEGIN USART2_MspDeInit 1 */
 503:Core/Src/stm32g4xx_hal_msp.c **** 
 504:Core/Src/stm32g4xx_hal_msp.c ****     /* USER CODE END USART2_MspDeInit 1 */
 505:Core/Src/stm32g4xx_hal_msp.c ****   }
 506:Core/Src/stm32g4xx_hal_msp.c **** 
 507:Core/Src/stm32g4xx_hal_msp.c **** }
 1170              		.loc 1 507 1 view .LVU318
 1171 000a 08BD     		pop	{r3, pc}
 1172              	.LVL68:
 1173              	.L74:
 493:Core/Src/stm32g4xx_hal_msp.c **** 
 1174              		.loc 1 493 5 is_stmt 1 view .LVU319
ARM GAS  /tmp/cczggVXv.s 			page 34


 1175 000c 064A     		ldr	r2, .L75+4
 1176 000e 936D     		ldr	r3, [r2, #88]
 1177 0010 23F40033 		bic	r3, r3, #131072
 1178 0014 9365     		str	r3, [r2, #88]
 500:Core/Src/stm32g4xx_hal_msp.c **** 
 1179              		.loc 1 500 5 view .LVU320
 1180 0016 0E21     		movs	r1, #14
 1181 0018 4FF09040 		mov	r0, #1207959552
 1182              	.LVL69:
 500:Core/Src/stm32g4xx_hal_msp.c **** 
 1183              		.loc 1 500 5 is_stmt 0 view .LVU321
 1184 001c FFF7FEFF 		bl	HAL_GPIO_DeInit
 1185              	.LVL70:
 1186              		.loc 1 507 1 view .LVU322
 1187 0020 F3E7     		b	.L71
 1188              	.L76:
 1189 0022 00BF     		.align	2
 1190              	.L75:
 1191 0024 00440040 		.word	1073759232
 1192 0028 00100240 		.word	1073876992
 1193              		.cfi_endproc
 1194              	.LFE338:
 1196              		.section	.text.HAL_PCD_MspInit,"ax",%progbits
 1197              		.align	1
 1198              		.global	HAL_PCD_MspInit
 1199              		.syntax unified
 1200              		.thumb
 1201              		.thumb_func
 1202              		.fpu fpv4-sp-d16
 1204              	HAL_PCD_MspInit:
 1205              	.LVL71:
 1206              	.LFB339:
 508:Core/Src/stm32g4xx_hal_msp.c **** 
 509:Core/Src/stm32g4xx_hal_msp.c **** /**
 510:Core/Src/stm32g4xx_hal_msp.c ****   * @brief PCD MSP Initialization
 511:Core/Src/stm32g4xx_hal_msp.c ****   * This function configures the hardware resources used in this example
 512:Core/Src/stm32g4xx_hal_msp.c ****   * @param hpcd: PCD handle pointer
 513:Core/Src/stm32g4xx_hal_msp.c ****   * @retval None
 514:Core/Src/stm32g4xx_hal_msp.c ****   */
 515:Core/Src/stm32g4xx_hal_msp.c **** void HAL_PCD_MspInit(PCD_HandleTypeDef* hpcd)
 516:Core/Src/stm32g4xx_hal_msp.c **** {
 1207              		.loc 1 516 1 is_stmt 1 view -0
 1208              		.cfi_startproc
 1209              		@ args = 0, pretend = 0, frame = 88
 1210              		@ frame_needed = 0, uses_anonymous_args = 0
 1211              		.loc 1 516 1 is_stmt 0 view .LVU324
 1212 0000 10B5     		push	{r4, lr}
 1213              	.LCFI25:
 1214              		.cfi_def_cfa_offset 8
 1215              		.cfi_offset 4, -8
 1216              		.cfi_offset 14, -4
 1217 0002 96B0     		sub	sp, sp, #88
 1218              	.LCFI26:
 1219              		.cfi_def_cfa_offset 96
 1220 0004 0446     		mov	r4, r0
 517:Core/Src/stm32g4xx_hal_msp.c ****   RCC_PeriphCLKInitTypeDef PeriphClkInit = {0};
 1221              		.loc 1 517 3 is_stmt 1 view .LVU325
ARM GAS  /tmp/cczggVXv.s 			page 35


 1222              		.loc 1 517 28 is_stmt 0 view .LVU326
 1223 0006 5422     		movs	r2, #84
 1224 0008 0021     		movs	r1, #0
 1225 000a 01A8     		add	r0, sp, #4
 1226              	.LVL72:
 1227              		.loc 1 517 28 view .LVU327
 1228 000c FFF7FEFF 		bl	memset
 1229              	.LVL73:
 518:Core/Src/stm32g4xx_hal_msp.c ****   if(hpcd->Instance==USB)
 1230              		.loc 1 518 3 is_stmt 1 view .LVU328
 1231              		.loc 1 518 10 is_stmt 0 view .LVU329
 1232 0010 2268     		ldr	r2, [r4]
 1233              		.loc 1 518 5 view .LVU330
 1234 0012 0E4B     		ldr	r3, .L83
 1235 0014 9A42     		cmp	r2, r3
 1236 0016 01D0     		beq	.L81
 1237              	.L77:
 519:Core/Src/stm32g4xx_hal_msp.c ****   {
 520:Core/Src/stm32g4xx_hal_msp.c ****     /* USER CODE BEGIN USB_MspInit 0 */
 521:Core/Src/stm32g4xx_hal_msp.c **** 
 522:Core/Src/stm32g4xx_hal_msp.c ****     /* USER CODE END USB_MspInit 0 */
 523:Core/Src/stm32g4xx_hal_msp.c **** 
 524:Core/Src/stm32g4xx_hal_msp.c ****   /** Initializes the peripherals clocks
 525:Core/Src/stm32g4xx_hal_msp.c ****   */
 526:Core/Src/stm32g4xx_hal_msp.c ****     PeriphClkInit.PeriphClockSelection = RCC_PERIPHCLK_USB;
 527:Core/Src/stm32g4xx_hal_msp.c ****     PeriphClkInit.UsbClockSelection = RCC_USBCLKSOURCE_PLL;
 528:Core/Src/stm32g4xx_hal_msp.c ****     if (HAL_RCCEx_PeriphCLKConfig(&PeriphClkInit) != HAL_OK)
 529:Core/Src/stm32g4xx_hal_msp.c ****     {
 530:Core/Src/stm32g4xx_hal_msp.c ****       Error_Handler();
 531:Core/Src/stm32g4xx_hal_msp.c ****     }
 532:Core/Src/stm32g4xx_hal_msp.c **** 
 533:Core/Src/stm32g4xx_hal_msp.c ****     /* Peripheral clock enable */
 534:Core/Src/stm32g4xx_hal_msp.c ****     __HAL_RCC_USB_CLK_ENABLE();
 535:Core/Src/stm32g4xx_hal_msp.c ****     /* USER CODE BEGIN USB_MspInit 1 */
 536:Core/Src/stm32g4xx_hal_msp.c **** 
 537:Core/Src/stm32g4xx_hal_msp.c ****     /* USER CODE END USB_MspInit 1 */
 538:Core/Src/stm32g4xx_hal_msp.c **** 
 539:Core/Src/stm32g4xx_hal_msp.c ****   }
 540:Core/Src/stm32g4xx_hal_msp.c **** 
 541:Core/Src/stm32g4xx_hal_msp.c **** }
 1238              		.loc 1 541 1 view .LVU331
 1239 0018 16B0     		add	sp, sp, #88
 1240              	.LCFI27:
 1241              		.cfi_remember_state
 1242              		.cfi_def_cfa_offset 8
 1243              		@ sp needed
 1244 001a 10BD     		pop	{r4, pc}
 1245              	.LVL74:
 1246              	.L81:
 1247              	.LCFI28:
 1248              		.cfi_restore_state
 526:Core/Src/stm32g4xx_hal_msp.c ****     PeriphClkInit.UsbClockSelection = RCC_USBCLKSOURCE_PLL;
 1249              		.loc 1 526 5 is_stmt 1 view .LVU332
 526:Core/Src/stm32g4xx_hal_msp.c ****     PeriphClkInit.UsbClockSelection = RCC_USBCLKSOURCE_PLL;
 1250              		.loc 1 526 40 is_stmt 0 view .LVU333
 1251 001c 4FF40053 		mov	r3, #8192
 1252 0020 0193     		str	r3, [sp, #4]
ARM GAS  /tmp/cczggVXv.s 			page 36


 527:Core/Src/stm32g4xx_hal_msp.c ****     if (HAL_RCCEx_PeriphCLKConfig(&PeriphClkInit) != HAL_OK)
 1253              		.loc 1 527 5 is_stmt 1 view .LVU334
 527:Core/Src/stm32g4xx_hal_msp.c ****     if (HAL_RCCEx_PeriphCLKConfig(&PeriphClkInit) != HAL_OK)
 1254              		.loc 1 527 37 is_stmt 0 view .LVU335
 1255 0022 4FF00063 		mov	r3, #134217728
 1256 0026 1093     		str	r3, [sp, #64]
 528:Core/Src/stm32g4xx_hal_msp.c ****     {
 1257              		.loc 1 528 5 is_stmt 1 view .LVU336
 528:Core/Src/stm32g4xx_hal_msp.c ****     {
 1258              		.loc 1 528 9 is_stmt 0 view .LVU337
 1259 0028 01A8     		add	r0, sp, #4
 1260 002a FFF7FEFF 		bl	HAL_RCCEx_PeriphCLKConfig
 1261              	.LVL75:
 528:Core/Src/stm32g4xx_hal_msp.c ****     {
 1262              		.loc 1 528 8 view .LVU338
 1263 002e 50B9     		cbnz	r0, .L82
 1264              	.L79:
 534:Core/Src/stm32g4xx_hal_msp.c ****     /* USER CODE BEGIN USB_MspInit 1 */
 1265              		.loc 1 534 5 is_stmt 1 view .LVU339
 1266              	.LBB17:
 534:Core/Src/stm32g4xx_hal_msp.c ****     /* USER CODE BEGIN USB_MspInit 1 */
 1267              		.loc 1 534 5 view .LVU340
 534:Core/Src/stm32g4xx_hal_msp.c ****     /* USER CODE BEGIN USB_MspInit 1 */
 1268              		.loc 1 534 5 view .LVU341
 1269 0030 074B     		ldr	r3, .L83+4
 1270 0032 9A6D     		ldr	r2, [r3, #88]
 1271 0034 42F40002 		orr	r2, r2, #8388608
 1272 0038 9A65     		str	r2, [r3, #88]
 534:Core/Src/stm32g4xx_hal_msp.c ****     /* USER CODE BEGIN USB_MspInit 1 */
 1273              		.loc 1 534 5 view .LVU342
 1274 003a 9B6D     		ldr	r3, [r3, #88]
 1275 003c 03F40003 		and	r3, r3, #8388608
 1276 0040 0093     		str	r3, [sp]
 534:Core/Src/stm32g4xx_hal_msp.c ****     /* USER CODE BEGIN USB_MspInit 1 */
 1277              		.loc 1 534 5 view .LVU343
 1278 0042 009B     		ldr	r3, [sp]
 1279              	.LBE17:
 534:Core/Src/stm32g4xx_hal_msp.c ****     /* USER CODE BEGIN USB_MspInit 1 */
 1280              		.loc 1 534 5 view .LVU344
 1281              		.loc 1 541 1 is_stmt 0 view .LVU345
 1282 0044 E8E7     		b	.L77
 1283              	.L82:
 530:Core/Src/stm32g4xx_hal_msp.c ****     }
 1284              		.loc 1 530 7 is_stmt 1 view .LVU346
 1285 0046 FFF7FEFF 		bl	Error_Handler
 1286              	.LVL76:
 1287 004a F1E7     		b	.L79
 1288              	.L84:
 1289              		.align	2
 1290              	.L83:
 1291 004c 005C0040 		.word	1073765376
 1292 0050 00100240 		.word	1073876992
 1293              		.cfi_endproc
 1294              	.LFE339:
 1296              		.section	.text.HAL_PCD_MspDeInit,"ax",%progbits
 1297              		.align	1
 1298              		.global	HAL_PCD_MspDeInit
ARM GAS  /tmp/cczggVXv.s 			page 37


 1299              		.syntax unified
 1300              		.thumb
 1301              		.thumb_func
 1302              		.fpu fpv4-sp-d16
 1304              	HAL_PCD_MspDeInit:
 1305              	.LVL77:
 1306              	.LFB340:
 542:Core/Src/stm32g4xx_hal_msp.c **** 
 543:Core/Src/stm32g4xx_hal_msp.c **** /**
 544:Core/Src/stm32g4xx_hal_msp.c ****   * @brief PCD MSP De-Initialization
 545:Core/Src/stm32g4xx_hal_msp.c ****   * This function freeze the hardware resources used in this example
 546:Core/Src/stm32g4xx_hal_msp.c ****   * @param hpcd: PCD handle pointer
 547:Core/Src/stm32g4xx_hal_msp.c ****   * @retval None
 548:Core/Src/stm32g4xx_hal_msp.c ****   */
 549:Core/Src/stm32g4xx_hal_msp.c **** void HAL_PCD_MspDeInit(PCD_HandleTypeDef* hpcd)
 550:Core/Src/stm32g4xx_hal_msp.c **** {
 1307              		.loc 1 550 1 view -0
 1308              		.cfi_startproc
 1309              		@ args = 0, pretend = 0, frame = 0
 1310              		@ frame_needed = 0, uses_anonymous_args = 0
 1311              		@ link register save eliminated.
 551:Core/Src/stm32g4xx_hal_msp.c ****   if(hpcd->Instance==USB)
 1312              		.loc 1 551 3 view .LVU348
 1313              		.loc 1 551 10 is_stmt 0 view .LVU349
 1314 0000 0268     		ldr	r2, [r0]
 1315              		.loc 1 551 5 view .LVU350
 1316 0002 054B     		ldr	r3, .L88
 1317 0004 9A42     		cmp	r2, r3
 1318 0006 00D0     		beq	.L87
 1319              	.L85:
 552:Core/Src/stm32g4xx_hal_msp.c ****   {
 553:Core/Src/stm32g4xx_hal_msp.c ****     /* USER CODE BEGIN USB_MspDeInit 0 */
 554:Core/Src/stm32g4xx_hal_msp.c **** 
 555:Core/Src/stm32g4xx_hal_msp.c ****     /* USER CODE END USB_MspDeInit 0 */
 556:Core/Src/stm32g4xx_hal_msp.c ****     /* Peripheral clock disable */
 557:Core/Src/stm32g4xx_hal_msp.c ****     __HAL_RCC_USB_CLK_DISABLE();
 558:Core/Src/stm32g4xx_hal_msp.c ****     /* USER CODE BEGIN USB_MspDeInit 1 */
 559:Core/Src/stm32g4xx_hal_msp.c **** 
 560:Core/Src/stm32g4xx_hal_msp.c ****     /* USER CODE END USB_MspDeInit 1 */
 561:Core/Src/stm32g4xx_hal_msp.c ****   }
 562:Core/Src/stm32g4xx_hal_msp.c **** 
 563:Core/Src/stm32g4xx_hal_msp.c **** }
 1320              		.loc 1 563 1 view .LVU351
 1321 0008 7047     		bx	lr
 1322              	.L87:
 557:Core/Src/stm32g4xx_hal_msp.c ****     /* USER CODE BEGIN USB_MspDeInit 1 */
 1323              		.loc 1 557 5 is_stmt 1 view .LVU352
 1324 000a 044A     		ldr	r2, .L88+4
 1325 000c 936D     		ldr	r3, [r2, #88]
 1326 000e 23F40003 		bic	r3, r3, #8388608
 1327 0012 9365     		str	r3, [r2, #88]
 1328              		.loc 1 563 1 is_stmt 0 view .LVU353
 1329 0014 F8E7     		b	.L85
 1330              	.L89:
 1331 0016 00BF     		.align	2
 1332              	.L88:
 1333 0018 005C0040 		.word	1073765376
ARM GAS  /tmp/cczggVXv.s 			page 38


 1334 001c 00100240 		.word	1073876992
 1335              		.cfi_endproc
 1336              	.LFE340:
 1338              		.section	.bss.HAL_RCC_ADC12_CLK_ENABLED,"aw",%nobits
 1339              		.align	2
 1340              		.set	.LANCHOR0,. + 0
 1343              	HAL_RCC_ADC12_CLK_ENABLED:
 1344 0000 00000000 		.space	4
 1345              		.text
 1346              	.Letext0:
 1347              		.file 2 "/usr/lib/gcc/arm-none-eabi/10.3.1/include/stdint.h"
 1348              		.file 3 "Drivers/CMSIS/Device/ST/STM32G4xx/Include/stm32g474xx.h"
 1349              		.file 4 "Drivers/CMSIS/Device/ST/STM32G4xx/Include/stm32g4xx.h"
 1350              		.file 5 "Drivers/STM32G4xx_HAL_Driver/Inc/stm32g4xx_hal_def.h"
 1351              		.file 6 "Drivers/STM32G4xx_HAL_Driver/Inc/stm32g4xx_hal_rcc_ex.h"
 1352              		.file 7 "Drivers/STM32G4xx_HAL_Driver/Inc/stm32g4xx_hal_gpio.h"
 1353              		.file 8 "Drivers/STM32G4xx_HAL_Driver/Inc/stm32g4xx_hal_dma.h"
 1354              		.file 9 "Drivers/STM32G4xx_HAL_Driver/Inc/stm32g4xx_hal_adc.h"
 1355              		.file 10 "Drivers/STM32G4xx_HAL_Driver/Inc/stm32g4xx_ll_usb.h"
 1356              		.file 11 "Drivers/STM32G4xx_HAL_Driver/Inc/stm32g4xx_hal_pcd.h"
 1357              		.file 12 "Drivers/STM32G4xx_HAL_Driver/Inc/stm32g4xx_hal_spi.h"
 1358              		.file 13 "Drivers/STM32G4xx_HAL_Driver/Inc/stm32g4xx_hal_tim.h"
 1359              		.file 14 "Drivers/STM32G4xx_HAL_Driver/Inc/stm32g4xx_hal_uart.h"
 1360              		.file 15 "Core/Inc/main.h"
 1361              		.file 16 "Drivers/STM32G4xx_HAL_Driver/Inc/stm32g4xx_hal_cortex.h"
 1362              		.file 17 "Drivers/STM32G4xx_HAL_Driver/Inc/stm32g4xx_hal_pwr_ex.h"
 1363              		.file 18 "<built-in>"
ARM GAS  /tmp/cczggVXv.s 			page 39


DEFINED SYMBOLS
                            *ABS*:0000000000000000 stm32g4xx_hal_msp.c
     /tmp/cczggVXv.s:18     .text.HAL_MspInit:0000000000000000 $t
     /tmp/cczggVXv.s:26     .text.HAL_MspInit:0000000000000000 HAL_MspInit
     /tmp/cczggVXv.s:83     .text.HAL_MspInit:0000000000000034 $d
     /tmp/cczggVXv.s:88     .text.HAL_ADC_MspInit:0000000000000000 $t
     /tmp/cczggVXv.s:95     .text.HAL_ADC_MspInit:0000000000000000 HAL_ADC_MspInit
     /tmp/cczggVXv.s:382    .text.HAL_ADC_MspInit:0000000000000144 $d
     /tmp/cczggVXv.s:391    .text.HAL_ADC_MspDeInit:0000000000000000 $t
     /tmp/cczggVXv.s:398    .text.HAL_ADC_MspDeInit:0000000000000000 HAL_ADC_MspDeInit
     /tmp/cczggVXv.s:485    .text.HAL_ADC_MspDeInit:000000000000005c $d
     /tmp/cczggVXv.s:493    .text.HAL_SPI_MspInit:0000000000000000 $t
     /tmp/cczggVXv.s:500    .text.HAL_SPI_MspInit:0000000000000000 HAL_SPI_MspInit
     /tmp/cczggVXv.s:639    .text.HAL_SPI_MspInit:0000000000000084 $d
     /tmp/cczggVXv.s:645    .text.HAL_SPI_MspDeInit:0000000000000000 $t
     /tmp/cczggVXv.s:652    .text.HAL_SPI_MspDeInit:0000000000000000 HAL_SPI_MspDeInit
     /tmp/cczggVXv.s:700    .text.HAL_SPI_MspDeInit:000000000000002c $d
     /tmp/cczggVXv.s:707    .text.HAL_TIM_PWM_MspInit:0000000000000000 $t
     /tmp/cczggVXv.s:714    .text.HAL_TIM_PWM_MspInit:0000000000000000 HAL_TIM_PWM_MspInit
     /tmp/cczggVXv.s:775    .text.HAL_TIM_PWM_MspInit:000000000000003c $d
     /tmp/cczggVXv.s:780    .text.HAL_TIM_MspPostInit:0000000000000000 $t
     /tmp/cczggVXv.s:787    .text.HAL_TIM_MspPostInit:0000000000000000 HAL_TIM_MspPostInit
     /tmp/cczggVXv.s:936    .text.HAL_TIM_MspPostInit:0000000000000090 $d
     /tmp/cczggVXv.s:942    .text.HAL_TIM_PWM_MspDeInit:0000000000000000 $t
     /tmp/cczggVXv.s:949    .text.HAL_TIM_PWM_MspDeInit:0000000000000000 HAL_TIM_PWM_MspDeInit
     /tmp/cczggVXv.s:978    .text.HAL_TIM_PWM_MspDeInit:0000000000000018 $d
     /tmp/cczggVXv.s:984    .text.HAL_UART_MspInit:0000000000000000 $t
     /tmp/cczggVXv.s:991    .text.HAL_UART_MspInit:0000000000000000 HAL_UART_MspInit
     /tmp/cczggVXv.s:1135   .text.HAL_UART_MspInit:000000000000008c $d
     /tmp/cczggVXv.s:1141   .text.HAL_UART_MspDeInit:0000000000000000 $t
     /tmp/cczggVXv.s:1148   .text.HAL_UART_MspDeInit:0000000000000000 HAL_UART_MspDeInit
     /tmp/cczggVXv.s:1191   .text.HAL_UART_MspDeInit:0000000000000024 $d
     /tmp/cczggVXv.s:1197   .text.HAL_PCD_MspInit:0000000000000000 $t
     /tmp/cczggVXv.s:1204   .text.HAL_PCD_MspInit:0000000000000000 HAL_PCD_MspInit
     /tmp/cczggVXv.s:1291   .text.HAL_PCD_MspInit:000000000000004c $d
     /tmp/cczggVXv.s:1297   .text.HAL_PCD_MspDeInit:0000000000000000 $t
     /tmp/cczggVXv.s:1304   .text.HAL_PCD_MspDeInit:0000000000000000 HAL_PCD_MspDeInit
     /tmp/cczggVXv.s:1333   .text.HAL_PCD_MspDeInit:0000000000000018 $d
     /tmp/cczggVXv.s:1339   .bss.HAL_RCC_ADC12_CLK_ENABLED:0000000000000000 $d
     /tmp/cczggVXv.s:1343   .bss.HAL_RCC_ADC12_CLK_ENABLED:0000000000000000 HAL_RCC_ADC12_CLK_ENABLED

UNDEFINED SYMBOLS
HAL_PWREx_DisableUCPDDeadBattery
memset
HAL_RCCEx_PeriphCLKConfig
HAL_GPIO_Init
HAL_NVIC_SetPriority
HAL_NVIC_EnableIRQ
Error_Handler
HAL_GPIO_DeInit
